Date,Product_ID,Product_Name,Region,Sales_Channel,Units_Sold,Revenue_SGD
2024-01-05,101,Roasted Peanuts,Singapore,Supermarket,1500,4500
2024-01-12,102,Honey Pecans,Singapore,E-commerce,350,14000
2024-01-19,103,Natural Baked Cashews,Middle East,Distributor,800,21600
2024-01-26,104,Fancy Mixed Nuts,Asia,Supermarket,600,16200
2024-02-02,105,Sugar Peanuts,Singapore,Supermarket,1200,3600
2024-02-09,101,Roasted Peanuts,Asia,E-commerce,250,7500
2024-02-16,103,Natural Baked Cashews,Singapore,Supermarket,700,18900
2024-02-23,102,Honey Pecans,Middle East,Distributor,400,16000
2024-03-01,104,Fancy Mixed Nuts,Singapore,E-commerce,450,12150
2024-03-08,105,Sugar Peanuts,Asia,Distributor,1000,30000
2024-03-15,101,Roasted Peanuts,Middle East,Supermarket,1300,3900
2024-03-22,103,Natural Baked Cashews,Asia,E-commerce,550,14850
2024-04-01,102,Honey Pecans,Singapore,Supermarket,300,1200
2024-04-08,104,Fancy Mixed Nuts,Middle East,Distributor,750,20250
2024-04-15,105,Sugar Peanuts,Singapore,Supermarket,1100,3300
2024-04-22,101,Roasted Peanuts,Asia,E-commerce,300,9000
2024-05-01,103,Natural Baked Cashews,Singapore,Supermarket,850,22950
2024-05-08,102,Honey Pecans,Asia,Distributor,380,15200
2024-05-15,104,Fancy Mixed Nuts,Singapore,E-commerce,500,13500
2024-05-22,105,Sugar Peanuts,Middle East,Supermarket,950,2850