Date,Product_Name,Stock_Level_Units,Stockout_Rate_Percent,Inventory_Turnover_Rate,Website_Sessions,Conversion_Rate_Percent
2024-01-31,Roasted Peanuts,2500,2.50%,1.8,15000,1.20%
2024-01-31,Honey Pecans,900,1.00%,1.1,12000,2.50%
2024-01-31,Natural Baked Cashews,1800,0.50%,2.1,18000,3.10%
2024-01-31,Fancy Mixed Nuts,1400,3.00%,1.5,11000,1.90%
2024-01-31,Sugar Peanuts,2000,1.50%,1.6,9000,1.00%
2024-02-28,Roasted Peanuts,2400,2.80%,1.9,16000,1.40%
2024-02-28,Honey Pecans,850,0.80%,1.2,13000,2.80%
2024-02-28,Natural Baked Cashews,1750,0.40%,2.2,19000,3.30%
2024-02-28,Fancy Mixed Nuts,1350,3.20%,1.6,12000,2.00%
2024-02-28,Sugar Peanuts,1950,1.80%,1.7,10000,1.10%
2024-03-31,Roasted Peanuts,2300,2.90%,2,17000,1.50%
2024-03-31,Honey Pecans,800,0.70%,1.3,14000,3.00%
2024-03-31,Natural Baked Cashews,1650,0.30%,2.4,20000,3.50%
2024-03-31,Fancy Mixed Nuts,1250,3.50%,1.7,13000,2.20%
2024-03-31,Sugar Peanuts,1800,2.00%,1.8,11000,1.30%
2024-04-30,Roasted Peanuts,2250,3.10%,2.1,18000,1.60%
2024-04-30,Honey Pecans,750,0.60%,1.4,15000,3.20%
2024-04-30,Natural Baked Cashews,1500,0.20%,2.6,21000,3.80%
2024-04-30,Fancy Mixed Nuts,1200,3.70%,1.8,14000,2.30%
2024-04-30,Sugar Peanuts,1750,2.20%,1.9,12000,1.40%