opportunity_type,sku,sku_description,category,priority_score,opportunity_title,recommended_action,rev_last12,rev_prev12,yoy_growth,offline_share,online_share,month,channel,sentiment_gap,outperformance_pct,impact_weighted_gap,channel_sales_share,total_sales_sgd,region,planning_area,sales_last6,sales_prev6,growth_6m,region_area_share,segment,customers,purchasers,lapsed_180,new_no_purchase_90,reactivation_potential_value_sgd,activation_potential_value_sgd,sku_a_name,sku_b_name,support,lift,conf_a_to_b,conf_b_to_a
Product,CAS-360G-HONEY-026,Honey Cashews 360g,Cashews,67.43794113356597,Tactical promo / assortment tune,Optimize price-pack architecture; A/B promo mechanics,6298.0,5882.6,0.07061503416856485,0.3638297872340426,0.6361702127659575,,,,,,,,,,,,,,,,,,,,,,,,,,
Product,MAC-400G-NATURAL-BAKED-093,Natural Baked Macadamia 400g,Macadamia,62.846976972966274,Rising star — scale it up,Increase shelf facings; test bundle pricing; push influencer content,3550.42,2827.5800000000004,0.2556390977443608,0.40119760479041916,0.5988023952095808,,,,,,,,,,,,,,,,,,,,,,,,,,
Product,CAS-400G-HONEY-027,Honey Cashews 400g,Cashews,60.32352118792761,Tactical promo / assortment tune,Optimize price-pack architecture; A/B promo mechanics,6083.6,6271.2,-0.02991452991452983,0.48237885462555063,0.5176211453744493,,,,,,,,,,,,,,,,,,,,,,,,,,
Product,SNA-130G-SATAY-BROAD-BEANS-115,Satay Broad Beans Snacks 130g,Snacks,56.576700296850426,Tactical promo / assortment tune,Optimize price-pack architecture; A/B promo mechanics,359.52,247.17,0.45454545454545453,0.5267857142857143,0.4732142857142857,,,,,,,,,,,,,,,,,,,,,,,,,,
Product,WAL-400G-NATURAL-BAKED-105,Natural Baked Walnuts 400g,Walnuts,56.333368816999,Tactical promo / assortment tune,Optimize price-pack architecture; A/B promo mechanics,4021.65,3657.15,0.09966777408637874,0.3867069486404834,0.6132930513595166,,,,,,,,,,,,,,,,,,,,,,,,,,
Product,ALM-360G-HONEY-006,Honey Almonds 360g,Almonds,54.95060269424087,Tactical promo / assortment tune,Optimize price-pack architecture; A/B promo mechanics,4172.5199999999995,3930.08,0.06168831168831159,0.42813455657492355,0.5718654434250765,,,,,,,,,,,,,,,,,,,,,,,,,,
Product,CAS-400G-ROASTED-022,Roasted Cashews 400g,Cashews,54.32005121489561,Tactical promo / assortment tune,Optimize price-pack architecture; A/B promo mechanics,5665.44,6239.64,-0.09202453987730072,0.35135135135135137,0.6486486486486487,,,,,,,,,,,,,,,,,,,,,,,,,,
Product,SNA-300G-SATAY-BROAD-BEANS-117,Satay Broad Beans Snacks 300g,Snacks,53.678278326519916,Tactical promo / assortment tune,Optimize price-pack architecture; A/B promo mechanics,178.77,125.67,0.4225352112676057,0.42574257425742573,0.5742574257425742,,,,,,,,,,,,,,,,,,,,,,,,,,
Product,PIS-400G-SALTED-044,Salted Pistachios 400g,Pistachios,53.09775345961021,Tactical promo / assortment tune,Optimize price-pack architecture; A/B promo mechanics,3970.89,3783.7099999999996,0.049469964664311035,0.37373737373737376,0.6262626262626262,,,,,,,,,,,,,,,,,,,,,,,,,,
Product,CAS-150G-HONEY-025,Honey Cashews 150g,Cashews,52.83275366625122,Tactical promo / assortment tune,Optimize price-pack architecture; A/B promo mechanics,2942.34,2573.17,0.1434689507494647,0.4101123595505618,0.5898876404494381,,,,,,,,,,,,,,,,,,,,,,,,,,
Product,PIS-360G-SALTED-043,Salted Pistachios 360g,Pistachios,51.92138490735502,Tactical promo / assortment tune,Optimize price-pack architecture; A/B promo mechanics,3623.27,3409.35,0.06274509803921571,0.3726937269372693,0.6273062730627307,,,,,,,,,,,,,,,,,,,,,,,,,,
Product,CAS-80G-HONEY-023,Honey Cashews 80g,Cashews,51.432909800531114,Rising star — scale it up,Increase shelf facings; test bundle pricing; push influencer content,1665.51,1341.06,0.24193548387096778,0.4044526901669759,0.5955473098330241,,,,,,,,,,,,,,,,,,,,,,,,,,
Product,SNA-300G-COATED-GREEN-PEAS-110,Coated Green Peas Snacks 300g,Snacks,50.45691183055069,Tactical promo / assortment tune,Optimize price-pack architecture; A/B promo mechanics,198.24,145.14000000000001,0.3658536585365853,0.4196428571428571,0.5803571428571428,,,,,,,,,,,,,,,,,,,,,,,,,,
Product,MAC-360G-HONEY-098,Honey Macadamia 360g,Macadamia,49.7979720158083,Tactical promo / assortment tune,Optimize price-pack architecture; A/B promo mechanics,3483.4799999999996,3349.4999999999995,0.04000000000000001,0.4294871794871795,0.5705128205128206,,,,,,,,,,,,,,,,,,,,,,,,,,
Product,PIS-135G-SALTED-040,Salted Pistachios 135g,Pistachios,49.494736049438856,Rising star — scale it up,Increase shelf facings; test bundle pricing; push influencer content,1727.0,1435.5,0.20306513409961685,0.4140127388535032,0.5859872611464968,,,,,,,,,,,,,,,,,,,,,,,,,,
Product,MIX-130G-COCKTAIL-MIX-075,Cocktail Mix Mixed Nuts 130g,Mixed Nuts,48.065464145980755,Tactical promo / assortment tune,Optimize price-pack architecture; A/B promo mechanics,1246.96,1018.16,0.22471910112359558,0.34862385321100914,0.6513761467889908,,,,,,,,,,,,,,,,,,,,,,,,,,
Product,MIX-400G-COCKTAIL-MIX-078,Cocktail Mix Mixed Nuts 400g,Mixed Nuts,47.35435923740493,Tactical promo / assortment tune,Optimize price-pack architecture; A/B promo mechanics,2795.0,2626.0,0.06435643564356436,0.3674418604651163,0.6325581395348837,,,,,,,,,,,,,,,,,,,,,,,,,,
Product,ALM-135G-ROASTED-003,Roasted Almonds 135g,Almonds,47.22408812334922,Tactical promo / assortment tune,Optimize price-pack architecture; A/B promo mechanics,1845.0,1600.0,0.153125,0.38482384823848237,0.6151761517615176,,,,,,,,,,,,,,,,,,,,,,,,,,
Product,ALM-400G-NATURAL-BAKED-017,Natural Baked Almonds 400g,Almonds,46.50263521478391,Tactical promo / assortment tune,Optimize price-pack architecture; A/B promo mechanics,3924.4500000000003,4167.45,-0.05830903790087453,0.42105263157894735,0.5789473684210527,,,,,,,,,,,,,,,,,,,,,,,,,,
Product,SNA-400G-MIXED-SNACKS-124,Mixed Snacks Snacks 400g,Snacks,46.25088729656682,Tactical promo / assortment tune,Optimize price-pack architecture; A/B promo mechanics,852.9300000000001,692.55,0.23157894736842122,0.358974358974359,0.641025641025641,,,,,,,,,,,,,,,,,,,,,,,,,,
Product,WAL-360G-NATURAL-BAKED-104,Natural Baked Walnuts 360g,Walnuts,46.01301544819564,Tactical promo / assortment tune,Optimize price-pack architecture; A/B promo mechanics,3572.1000000000004,3693.6000000000004,-0.03289473684210526,0.4081632653061224,0.5918367346938774,,,,,,,,,,,,,,,,,,,,,,,,,,
Product,CAS-135G-ROASTED-021,Roasted Cashews 135g,Cashews,45.98411285421163,Tactical promo / assortment tune,Optimize price-pack architecture; A/B promo mechanics,2530.5,2373.0,0.06637168141592921,0.3796680497925311,0.6203319502074689,,,,,,,,,,,,,,,,,,,,,,,,,,
Product,CAS-400G-NATURAL-BAKED-032,Natural Baked Cashews 400g,Cashews,45.966027155960774,Aging giant — refresh & defend,Run targeted promos; refresh packaging; shift budget to proven variants,5116.76,6252.4,-0.18163265306122442,0.4189526184538653,0.5810473815461347,,,,,,,,,,,,,,,,,,,,,,,,,,
Product,PIS-360G-BAKED-037,Baked Pistachios 360g,Pistachios,45.70974358453993,Tactical promo / assortment tune,Optimize price-pack architecture; A/B promo mechanics,3797.08,4037.74,-0.05960264900662248,0.39788732394366194,0.602112676056338,,,,,,,,,,,,,,,,,,,,,,,,,,
Product,MAC-360G-NATURAL-BAKED-092,Natural Baked Macadamia 360g,Macadamia,45.40074322679944,Tactical promo / assortment tune,Optimize price-pack architecture; A/B promo mechanics,3189.0,3210.26,-0.006622516556291458,0.32666666666666666,0.6733333333333335,,,,,,,,,,,,,,,,,,,,,,,,,,
Product,SNA-400G-SATAY-BROAD-BEANS-118,Satay Broad Beans Snacks 400g,Snacks,45.23052384565134,Tactical promo / assortment tune,Optimize price-pack architecture; A/B promo mechanics,874.8000000000001,721.71,0.21212121212121215,0.39999999999999997,0.6,,,,,,,,,,,,,,,,,,,,,,,,,,
Product,PIS-300G-BAKED-036,Baked Pistachios 300g,Pistachios,43.976556565762415,Tactical promo / assortment tune,Optimize price-pack architecture; A/B promo mechanics,903.5,760.5,0.18803418803418803,0.46402877697841727,0.5359712230215827,,,,,,,,,,,,,,,,,,,,,,,,,,
Product,SNA-400G-COATED-GREEN-PEAS-111,Coated Green Peas Snacks 400g,Snacks,43.42941723667162,Tactical promo / assortment tune,Optimize price-pack architecture; A/B promo mechanics,707.13,590.49,0.19753086419753083,0.5154639175257733,0.4845360824742268,,,,,,,,,,,,,,,,,,,,,,,,,,
Product,MAC-135G-NATURAL-BAKED-089,Natural Baked Macadamia 135g,Macadamia,43.178103211568754,Tactical promo / assortment tune,Optimize price-pack architecture; A/B promo mechanics,1382.5,1225.0,0.12857142857142856,0.4177215189873418,0.5822784810126582,,,,,,,,,,,,,,,,,,,,,,,,,,
Product,MAC-400G-HONEY-099,Honey Macadamia 400g,Macadamia,42.58253287981573,Tactical promo / assortment tune,Optimize price-pack architecture; A/B promo mechanics,2858.24,2925.2299999999996,-0.022900763358778553,0.4296875,0.5703125,,,,,,,,,,,,,,,,,,,,,,,,,,
Product,CAS-150G-NATURAL-BAKED-030,Natural Baked Cashews 150g,Cashews,42.03829853336815,Tactical promo / assortment tune,Optimize price-pack architecture; A/B promo mechanics,2478.0,2467.5,0.00425531914893617,0.3961864406779661,0.6038135593220338,,,,,,,,,,,,,,,,,,,,,,,,,,
Product,PEA-150G-SUGAR-056,Sugar Peanuts 150g,Peanuts,41.959552091079786,Tactical promo / assortment tune,Optimize price-pack architecture; A/B promo mechanics,648.0,550.0,0.1781818181818182,0.3425925925925926,0.6574074074074074,,,,,,,,,,,,,,,,,,,,,,,,,,
Product,CAS-130G-ROASTED-020,Roasted Cashews 130g,Cashews,41.95041205732737,Tactical promo / assortment tune,Optimize price-pack architecture; A/B promo mechanics,2596.44,2618.92,-0.00858369098712447,0.46320346320346323,0.5367965367965368,,,,,,,,,,,,,,,,,,,,,,,,,,
Product,PEA-360G-SUGAR-058,Sugar Peanuts 360g,Peanuts,41.428740084211626,Tactical promo / assortment tune,Optimize price-pack architecture; A/B promo mechanics,1584.3600000000001,1467.72,0.07947019867549676,0.42024539877300615,0.5797546012269938,,,,,,,,,,,,,,,,,,,,,,,,,,
Product,ALM-360G-SMOKED-012,Smoked Almonds 360g,Almonds,41.36935635648388,Aging giant — refresh & defend,Run targeted promos; refresh packaging; shift budget to proven variants,4106.5599999999995,4906.88,-0.163101604278075,0.45367412140575086,0.5463258785942493,,,,,,,,,,,,,,,,,,,,,,,,,,
Product,MIX-130G-FANCY-MIX-070,Fancy Mix Mixed Nuts 130g,Mixed Nuts,41.283547866715345,Tactical promo / assortment tune,Optimize price-pack architecture; A/B promo mechanics,1075.36,955.24,0.12574850299401186,0.29787234042553196,0.7021276595744681,,,,,,,,,,,,,,,,,,,,,,,,,,
Product,CAS-120G-ROASTED-019,Roasted Cashews 120g,Cashews,40.11263408621787,Tactical promo / assortment tune,Optimize price-pack architecture; A/B promo mechanics,715.68,627.64,0.14027149321266963,0.47023809523809523,0.5297619047619048,,,,,,,,,,,,,,,,,,,,,,,,,,
Product,CAS-130G-NATURAL-BAKED-028,Natural Baked Cashews 130g,Cashews,39.929204921117346,Tactical promo / assortment tune,Optimize price-pack architecture; A/B promo mechanics,2489.66,2573.96,-0.03275109170305684,0.4085778781038375,0.5914221218961626,,,,,,,,,,,,,,,,,,,,,,,,,,
Product,MAC-120G-HONEY-095,Honey Macadamia 120g,Macadamia,39.2212263220913,Tactical promo / assortment tune,Optimize price-pack architecture; A/B promo mechanics,431.52,374.48,0.15231788079470188,0.37931034482758624,0.6206896551724138,,,,,,,,,,,,,,,,,,,,,,,,,,
Product,WAL-300G-NATURAL-BAKED-103,Natural Baked Walnuts 300g,Walnuts,39.17033392069605,Tactical promo / assortment tune,Optimize price-pack architecture; A/B promo mechanics,1008.9000000000001,920.4000000000001,0.09615384615384615,0.4502923976608187,0.5497076023391813,,,,,,,,,,,,,,,,,,,,,,,,,,
Product,MAC-300G-NATURAL-BAKED-091,Natural Baked Macadamia 300g,Macadamia,39.03427236540843,Tactical promo / assortment tune,Optimize price-pack architecture; A/B promo mechanics,820.44,737.88,0.11188811188811197,0.4088050314465409,0.5911949685534591,,,,,,,,,,,,,,,,,,,,,,,,,,
Product,ALM-130G-NATURAL-BAKED-014,Natural Baked Almonds 130g,Almonds,38.97436217216402,Tactical promo / assortment tune,Optimize price-pack architecture; A/B promo mechanics,1888.55,1872.5,0.008571428571428548,0.4475920679886685,0.5524079320113314,,,,,,,,,,,,,,,,,,,,,,,,,,
Product,SNA-36G-COATED-GREEN-PEAS-106,Coated Green Peas Snacks 36g,Snacks,38.75812669172496,Tactical promo / assortment tune,Optimize price-pack architecture; A/B promo mechanics,89.28,75.84,0.1772151898734177,0.4731182795698924,0.5268817204301075,,,,,,,,,,,,,,,,,,,,,,,,,,
Product,MAC-130G-NATURAL-BAKED-088,Natural Baked Macadamia 130g,Macadamia,38.67416217677236,Tactical promo / assortment tune,Optimize price-pack architecture; A/B promo mechanics,1525.6799999999998,1469.52,0.03821656050955404,0.4785276073619632,0.5214723926380368,,,,,,,,,,,,,,,,,,,,,,,,,,
Product,MIX-360G-FANCY-MIX-072,Fancy Mix Mixed Nuts 360g,Mixed Nuts,38.51801136326857,Tactical promo / assortment tune,Optimize price-pack architecture; A/B promo mechanics,2197.0,2262.0,-0.028735632183908046,0.42011834319526625,0.5798816568047337,,,,,,,,,,,,,,,,,,,,,,,,,,
Product,MIX-120G-COCKTAIL-MIX-074,Cocktail Mix Mixed Nuts 120g,Mixed Nuts,38.174769396127104,Tactical promo / assortment tune,Optimize price-pack architecture; A/B promo mechanics,303.84,264.96,0.1467391304347826,0.4597156398104266,0.5402843601895735,,,,,,,,,,,,,,,,,,,,,,,,,,
Product,MIX-130G-FRUITS---NUTTY-084,Fruits & Nutty Mixed Nuts 130g,Mixed Nuts,37.99540212892985,Tactical promo / assortment tune,Optimize price-pack architecture; A/B promo mechanics,1126.84,1058.2,0.06486486486486474,0.47715736040609136,0.5228426395939086,,,,,,,,,,,,,,,,,,,,,,,,,,
Product,WAL-120G-NATURAL-BAKED-100,Natural Baked Walnuts 120g,Walnuts,37.64979021377924,Tactical promo / assortment tune,Optimize price-pack architecture; A/B promo mechanics,454.95000000000005,405.0,0.12333333333333345,0.3916913946587537,0.6083086053412462,,,,,,,,,,,,,,,,,,,,,,,,,,
Product,PEA-130G-IKAN-BILIS-067,Ikan Bilis Peanuts 130g,Peanuts,37.43672343958032,Tactical promo / assortment tune,Optimize price-pack architecture; A/B promo mechanics,656.98,597.0600000000001,0.10035842293906802,0.4332247557003257,0.5667752442996743,,,,,,,,,,,,,,,,,,,,,,,,,,
Product,MIX-135G-RUBY-MIX-080,Ruby Mix Mixed Nuts 135g,Mixed Nuts,37.34629188931498,Tactical promo / assortment tune,Optimize price-pack architecture; A/B promo mechanics,1096.75,1037.8999999999999,0.05670103092783519,0.36585365853658536,0.6341463414634146,,,,,,,,,,,,,,,,,,,,,,,,,,
Product,ALM-130G-ROASTED-002,Roasted Almonds 130g,Almonds,36.78256384291478,Tactical promo / assortment tune,Optimize price-pack architecture; A/B promo mechanics,1877.85,1931.35,-0.02770083102493075,0.4131054131054131,0.5868945868945868,,,,,,,,,,,,,,,,,,,,,,,,,,
Product,SNA-150G-COATED-GREEN-PEAS-109,Coated Green Peas Snacks 150g,Snacks,36.606908767626166,Tactical promo / assortment tune,Optimize price-pack architecture; A/B promo mechanics,309.0,276.0,0.11956521739130435,0.36893203883495146,0.6310679611650486,,,,,,,,,,,,,,,,,,,,,,,,,,
Product,WAL-130G-NATURAL-BAKED-101,Natural Baked Walnuts 130g,Walnuts,36.605776515616675,Tactical promo / assortment tune,Optimize price-pack architecture; A/B promo mechanics,1717.35,1744.1,-0.015337423312883437,0.42056074766355145,0.5794392523364486,,,,,,,,,,,,,,,,,,,,,,,,,,
Product,CAS-80G-ROASTED-018,Roasted Cashews 80g,Cashews,36.56452484418096,Tactical promo / assortment tune,Optimize price-pack architecture; A/B promo mechanics,1367.1,1343.58,0.01750547045951859,0.4215053763440861,0.578494623655914,,,,,,,,,,,,,,,,,,,,,,,,,,
Product,ALM-135G-HONEY-005,Honey Almonds 135g,Almonds,36.28098896307317,Tactical promo / assortment tune,Optimize price-pack architecture; A/B promo mechanics,1690.5,1722.0,-0.018292682926829267,0.38819875776397517,0.6118012422360248,,,,,,,,,,,,,,,,,,,,,,,,,,
Product,CAS-135G-HONEY-024,Honey Cashews 135g,Cashews,36.1750761820378,Tactical promo / assortment tune,Optimize price-pack architecture; A/B promo mechanics,2369.2999999999997,2589.7,-0.08510638297872344,0.46279069767441866,0.5372093023255814,,,,,,,,,,,,,,,,,,,,,,,,,,
Product,ALM-300G-NATURAL-BAKED-016,Natural Baked Almonds 300g,Almonds,36.14828051477617,Tactical promo / assortment tune,Optimize price-pack architecture; A/B promo mechanics,1047.25,1005.95,0.04105571847507326,0.4140845070422536,0.5859154929577465,,,,,,,,,,,,,,,,,,,,,,,,,,
Product,PIS-130G-BAKED-035,Baked Pistachios 130g,Pistachios,36.08185182073485,Tactical promo / assortment tune,Optimize price-pack architecture; A/B promo mechanics,1464.12,1464.12,0.0,0.4176706827309237,0.5823293172690763,,,,,,,,,,,,,,,,,,,,,,,,,,
Product,MIX-400G-FRUITS---NUTTY-087,Fruits & Nutty Mixed Nuts 400g,Mixed Nuts,36.06762505206822,Tactical promo / assortment tune,Optimize price-pack architecture; A/B promo mechanics,2392.0,2626.0,-0.0891089108910891,0.391304347826087,0.6086956521739131,,,,,,,,,,,,,,,,,,,,,,,,,,
Product,PEA-135G-SUGAR-055,Sugar Peanuts 135g,Peanuts,35.507629906809235,Tactical promo / assortment tune,Optimize price-pack architecture; A/B promo mechanics,562.0,522.0,0.07662835249042145,0.46619217081850534,0.5338078291814946,,,,,,,,,,,,,,,,,,,,,,,,,,
Product,ALM-135G-SMOKED-009,Smoked Almonds 135g,Almonds,35.160834220691704,Tactical promo / assortment tune,Optimize price-pack architecture; A/B promo mechanics,1711.8000000000002,1782.0,-0.039393939393939294,0.4069400630914826,0.5930599369085173,,,,,,,,,,,,,,,,,,,,,,,,,,
Product,MIX-300G-COCKTAIL-MIX-077,Cocktail Mix Mixed Nuts 300g,Mixed Nuts,34.50600873487345,Tactical promo / assortment tune,Optimize price-pack architecture; A/B promo mechanics,654.12,622.52,0.050761421319796995,0.4009661835748793,0.5990338164251208,,,,,,,,,,,,,,,,,,,,,,,,,,
Product,PEA-36G-SUGAR-052,Sugar Peanuts 36g,Peanuts,34.464929381681245,Tactical promo / assortment tune,Optimize price-pack architecture; A/B promo mechanics,184.32,168.32,0.09505703422053233,0.4097222222222222,0.5902777777777778,,,,,,,,,,,,,,,,,,,,,,,,,,
Product,PEA-80G-IKAN-BILIS-066,Ikan Bilis Peanuts 80g,Peanuts,34.062746890426375,Tactical promo / assortment tune,Optimize price-pack architecture; A/B promo mechanics,320.32000000000005,297.92,0.07518796992481214,0.4020979020979021,0.5979020979020978,,,,,,,,,,,,,,,,,,,,,,,,,,
Product,PEA-80G-ROASTED-046,Roasted Peanuts 80g,Peanuts,33.87438886526645,Tactical promo / assortment tune,Optimize price-pack architecture; A/B promo mechanics,314.72,293.44,0.07251908396946576,0.4056939501779359,0.594306049822064,,,,,,,,,,,,,,,,,,,,,,,,,,
Product,CAS-300G-NATURAL-BAKED-031,Natural Baked Cashews 300g,Cashews,33.65435663436943,Tactical promo / assortment tune,Optimize price-pack architecture; A/B promo mechanics,1426.0,1481.8,-0.03765690376569035,0.4217391304347826,0.5782608695652174,,,,,,,,,,,,,,,,,,,,,,,,,,
Product,PEA-130G-ROASTED-048,Roasted Peanuts 130g,Peanuts,33.57817618567111,Tactical promo / assortment tune,Optimize price-pack architecture; A/B promo mechanics,567.1,543.5600000000001,0.04330708661417316,0.4716981132075472,0.5283018867924528,,,,,,,,,,,,,,,,,,,,,,,,,,
Product,SNA-120G-COATED-GREEN-PEAS-107,Coated Green Peas Snacks 120g,Snacks,33.511822660098524,Tactical promo / assortment tune,Optimize price-pack architecture; A/B promo mechanics,79.38000000000001,72.9,0.08888888888888893,0.3877551020408163,0.6122448979591836,,,,,,,,,,,,,,,,,,,,,,,,,,
Product,CAS-135G-NATURAL-BAKED-029,Natural Baked Cashews 135g,Cashews,33.372942116484914,Aging giant — refresh & defend,Run targeted promos; refresh packaging; shift budget to proven variants,2058.0,2294.25,-0.10297482837528604,0.42346938775510207,0.576530612244898,,,,,,,,,,,,,,,,,,,,,,,,,,
Product,ALM-150G-SMOKED-010,Smoked Almonds 150g,Almonds,32.99386949483154,Tactical promo / assortment tune,Optimize price-pack architecture; A/B promo mechanics,1938.6000000000001,2149.2000000000003,-0.09798994974874377,0.3565459610027855,0.6434540389972145,,,,,,,,,,,,,,,,,,,,,,,,,,
Product,SNA-36G-SATAY-BROAD-BEANS-112,Satay Broad Beans Snacks 36g,Snacks,32.93619926493441,Tactical promo / assortment tune,Optimize price-pack architecture; A/B promo mechanics,93.11999999999999,86.39999999999999,0.07777777777777778,0.27835051546391754,0.7216494845360826,,,,,,,,,,,,,,,,,,,,,,,,,,
Product,MIX-80G-RUBY-MIX-079,Ruby Mix Mixed Nuts 80g,Mixed Nuts,32.689199328009074,Tactical promo / assortment tune,Optimize price-pack architecture; A/B promo mechanics,588.0,573.0,0.02617801047120419,0.41836734693877553,0.5816326530612245,,,,,,,,,,,,,,,,,,,,,,,,,,
Product,MIX-400G-FANCY-MIX-073,Fancy Mix Mixed Nuts 400g,Mixed Nuts,32.4529141646786,Aging giant — refresh & defend,Run targeted promos; refresh packaging; shift budget to proven variants,2236.0,2587.0,-0.135678391959799,0.4127906976744186,0.5872093023255814,,,,,,,,,,,,,,,,,,,,,,,,,,
Product,MIX-360G-FRUITS---NUTTY-086,Fruits & Nutty Mixed Nuts 360g,Mixed Nuts,32.11137212357404,Aging giant — refresh & defend,Run targeted promos; refresh packaging; shift budget to proven variants,2197.0,2548.0,-0.1377551020408163,0.3431952662721893,0.6568047337278107,,,,,,,,,,,,,,,,,,,,,,,,,,
Product,ALM-80G-NATURAL-BAKED-013,Natural Baked Almonds 80g,Almonds,32.049087916717575,Tactical promo / assortment tune,Optimize price-pack architecture; A/B promo mechanics,932.4,949.1999999999999,-0.017699115044247742,0.4024024024024024,0.5975975975975976,,,,,,,,,,,,,,,,,,,,,,,,,,
Product,PEA-80G-CRACKER-060,Cracker Peanuts 80g,Peanuts,32.01216208133252,Tactical promo / assortment tune,Optimize price-pack architecture; A/B promo mechanics,312.48,300.16,0.04104477611940296,0.4336917562724014,0.5663082437275986,,,,,,,,,,,,,,,,,,,,,,,,,,
Product,MAC-80G-HONEY-094,Honey Macadamia 80g,Macadamia,32.0113613511093,Tactical promo / assortment tune,Optimize price-pack architecture; A/B promo mechanics,806.9799999999999,812.12,-0.006329113924050756,0.5031847133757962,0.4968152866242038,,,,,,,,,,,,,,,,,,,,,,,,,,
Product,MIX-135G-FRUITS---NUTTY-085,Fruits & Nutty Mixed Nuts 135g,Mixed Nuts,31.881024867462816,Tactical promo / assortment tune,Optimize price-pack architecture; A/B promo mechanics,1032.55,1064.6499999999999,-0.03015075376884414,0.38860103626943004,0.6113989637305699,,,,,,,,,,,,,,,,,,,,,,,,,,
Product,PEA-120G-SUGAR-053,Sugar Peanuts 120g,Peanuts,31.44215212459335,Tactical promo / assortment tune,Optimize price-pack architecture; A/B promo mechanics,142.56,136.08,0.04761904761904754,0.39772727272727276,0.6022727272727273,,,,,,,,,,,,,,,,,,,,,,,,,,
Product,SNA-150G-SATAY-BROAD-BEANS-116,Satay Broad Beans Snacks 150g,Snacks,31.387450081238104,Tactical promo / assortment tune,Optimize price-pack architecture; A/B promo mechanics,270.0,261.0,0.034482758620689655,0.32222222222222224,0.6777777777777778,,,,,,,,,,,,,,,,,,,,,,,,,,
Product,PEA-400G-SUGAR-059,Sugar Peanuts 400g,Peanuts,31.306723227243715,Tactical promo / assortment tune,Optimize price-pack architecture; A/B promo mechanics,1234.44,1312.2,-0.05925925925925925,0.37795275590551186,0.6220472440944882,,,,,,,,,,,,,,,,,,,,,,,,,,
Product,PEA-130G-SUGAR-054,Sugar Peanuts 130g,Peanuts,31.18976965459509,Tactical promo / assortment tune,Optimize price-pack architecture; A/B promo mechanics,594.9200000000001,594.9200000000001,0.0,0.4100719424460431,0.5899280575539568,,,,,,,,,,,,,,,,,,,,,,,,,,
Product,PIS-36G-SALTED-038,Salted Pistachios 36g,Pistachios,30.843955088000452,Tactical promo / assortment tune,Optimize price-pack architecture; A/B promo mechanics,496.32,494.56,0.003558718861209946,0.4219858156028369,0.5780141843971631,,,,,,,,,,,,,,,,,,,,,,,,,,
Product,PEA-360G-ROASTED-051,Roasted Peanuts 360g,Peanuts,30.646569353591307,Tactical promo / assortment tune,Optimize price-pack architecture; A/B promo mechanics,1336.5,1453.14,-0.08026755852842815,0.4218181818181818,0.5781818181818182,,,,,,,,,,,,,,,,,,,,,,,,,,
Product,PEA-400G-CRACKER-064,Cracker Peanuts 400g,Peanuts,30.301567233811856,Tactical promo / assortment tune,Optimize price-pack architecture; A/B promo mechanics,1234.44,1336.5,-0.07636363636363633,0.3622047244094488,0.6377952755905512,,,,,,,,,,,,,,,,,,,,,,,,,,
Product,MIX-300G-RUBY-MIX-081,Ruby Mix Mixed Nuts 300g,Mixed Nuts,29.789928413422206,Tactical promo / assortment tune,Optimize price-pack architecture; A/B promo mechanics,571.96,584.6,-0.0216216216216216,0.39779005524861877,0.6022099447513811,,,,,,,,,,,,,,,,,,,,,,,,,,
Product,PEA-300G-CRACKER-063,Cracker Peanuts 300g,Peanuts,29.499233992326545,Tactical promo / assortment tune,Optimize price-pack architecture; A/B promo mechanics,331.58,332.76,-0.0035460992907801626,0.40925266903914587,0.5907473309608541,,,,,,,,,,,,,,,,,,,,,,,,,,
Product,MAC-150G-HONEY-097,Honey Macadamia 150g,Macadamia,29.352784671088962,Aging giant — refresh & defend,Run targeted promos; refresh packaging; shift budget to proven variants,1415.26,1589.87,-0.10982658959537567,0.3896103896103896,0.6103896103896104,,,,,,,,,,,,,,,,,,,,,,,,,,
Product,ALM-300G-SMOKED-011,Smoked Almonds 300g,Almonds,29.245527039132035,Tactical promo / assortment tune,Optimize price-pack architecture; A/B promo mechanics,995.28,1071.84,-0.07142857142857138,0.4551282051282052,0.5448717948717948,,,,,,,,,,,,,,,,,,,,,,,,,,
Product,MIX-80G-FRUITS---NUTTY-083,Fruits & Nutty Mixed Nuts 80g,Mixed Nuts,28.9796088134383,Tactical promo / assortment tune,Optimize price-pack architecture; A/B promo mechanics,504.0,519.0,-0.028901734104046242,0.3273809523809524,0.6726190476190477,,,,,,,,,,,,,,,,,,,,,,,,,,
Product,SNA-120G-SATAY-BROAD-BEANS-114,Satay Broad Beans Snacks 120g,Snacks,28.892389390930045,Tactical promo / assortment tune,Optimize price-pack architecture; A/B promo mechanics,80.19000000000001,79.38000000000001,0.010204081632653088,0.44444444444444436,0.5555555555555556,,,,,,,,,,,,,,,,,,,,,,,,,,
Product,SNA-120G-MIXED-SNACKS-120,Mixed Snacks Snacks 120g,Snacks,28.892389390930035,Tactical promo / assortment tune,Optimize price-pack architecture; A/B promo mechanics,80.19,79.38000000000001,0.01020408163265291,0.393939393939394,0.6060606060606061,,,,,,,,,,,,,,,,,,,,,,,,,,
Product,PEA-150G-ROASTED-049,Roasted Peanuts 150g,Peanuts,28.215592006580927,Tactical promo / assortment tune,Optimize price-pack architecture; A/B promo mechanics,562.0,590.0,-0.04745762711864407,0.3914590747330961,0.608540925266904,,,,,,,,,,,,,,,,,,,,,,,,,,
Product,ALM-36G-ROASTED-001,Roasted Almonds 36g,Almonds,28.188475061361153,Tactical promo / assortment tune,Optimize price-pack architecture; A/B promo mechanics,552.0,579.2,-0.0469613259668509,0.41449275362318844,0.5855072463768116,,,,,,,,,,,,,,,,,,,,,,,,,,
Product,ALM-135G-NATURAL-BAKED-015,Natural Baked Almonds 135g,Almonds,28.02050041973895,Aging giant — refresh & defend,Run targeted promos; refresh packaging; shift budget to proven variants,1540.0,1800.0,-0.14444444444444443,0.41233766233766234,0.5876623376623377,,,,,,,,,,,,,,,,,,,,,,,,,,
Product,SNA-300G-MIXED-SNACKS-123,Mixed Snacks Snacks 300g,Snacks,27.642363689325656,Tactical promo / assortment tune,Optimize price-pack architecture; A/B promo mechanics,173.46,177.0,-0.019999999999999955,0.5714285714285714,0.42857142857142855,,,,,,,,,,,,,,,,,,,,,,,,,,
Product,MIX-150G-FANCY-MIX-071,Fancy Mix Mixed Nuts 150g,Mixed Nuts,26.8524755455269,Tactical promo / assortment tune,Optimize price-pack architecture; A/B promo mechanics,1027.2,1160.95,-0.1152073732718894,0.39583333333333326,0.6041666666666666,,,,,,,,,,,,,,,,,,,,,,,,,,
Product,MAC-135G-HONEY-096,Honey Macadamia 135g,Macadamia,26.388863921288298,Aging giant — refresh & defend,Run targeted promos; refresh packaging; shift budget to proven variants,1304.98,1534.73,-0.1497005988023952,0.3732394366197183,0.6267605633802816,,,,,,,,,,,,,,,,,,,,,,,,,,
Product,WAL-135G-NATURAL-BAKED-102,Natural Baked Walnuts 135g,Walnuts,26.32029604935463,Aging giant — refresh & defend,Run targeted promos; refresh packaging; shift budget to proven variants,1460.0,1750.0,-0.1657142857142857,0.4383561643835616,0.5616438356164384,,,,,,,,,,,,,,,,,,,,,,,,,,
Product,MIX-80G-FANCY-MIX-068,Fancy Mix Mixed Nuts 80g,Mixed Nuts,26.086953670895063,Tactical promo / assortment tune,Optimize price-pack architecture; A/B promo mechanics,579.0,633.0,-0.08530805687203792,0.48186528497409326,0.5181347150259067,,,,,,,,,,,,,,,,,,,,,,,,,,
Product,ALM-150G-ROASTED-004,Roasted Almonds 150g,Almonds,25.97016959600976,Aging giant — refresh & defend,Run targeted promos; refresh packaging; shift budget to proven variants,1525.0,1855.0,-0.1778975741239892,0.4163934426229508,0.5836065573770491,,,,,,,,,,,,,,,,,,,,,,,,,,
Product,MIX-135G-COCKTAIL-MIX-076,Cocktail Mix Mixed Nuts 135g,Mixed Nuts,25.927624591337572,Tactical promo / assortment tune,Optimize price-pack architecture; A/B promo mechanics,989.75,1134.2,-0.12735849056603776,0.3783783783783784,0.6216216216216216,,,,,,,,,,,,,,,,,,,,,,,,,,
Product,PEA-135G-CRACKER-062,Cracker Peanuts 135g,Peanuts,25.613187393364683,Tactical promo / assortment tune,Optimize price-pack architecture; A/B promo mechanics,520.0,570.0,-0.08771929824561403,0.4,0.6,,,,,,,,,,,,,,,,,,,,,,,,,,
Product,PIS-300G-SALTED-042,Salted Pistachios 300g,Pistachios,25.41543444654507,Tactical promo / assortment tune,Optimize price-pack architecture; A/B promo mechanics,906.75,1040.0,-0.128125,0.43010752688172044,0.5698924731182796,,,,,,,,,,,,,,,,,,,,,,,,,,
Product,PEA-120G-CRACKER-061,Cracker Peanuts 120g,Peanuts,25.211260670218643,Tactical promo / assortment tune,Optimize price-pack architecture; A/B promo mechanics,146.88,156.06,-0.05882352941176475,0.42647058823529416,0.573529411764706,,,,,,,,,,,,,,,,,,,,,,,,,,
Product,SNA-36G-MIXED-SNACKS-119,Mixed Snacks Snacks 36g,Snacks,24.183321555842944,Tactical promo / assortment tune,Optimize price-pack architecture; A/B promo mechanics,88.32,95.03999999999999,-0.0707070707070707,0.29347826086956524,0.7065217391304348,,,,,,,,,,,,,,,,,,,,,,,,,,
Product,PIS-120G-BAKED-034,Baked Pistachios 120g,Pistachios,23.946520151645746,Tactical promo / assortment tune,Optimize price-pack architecture; A/B promo mechanics,339.71999999999997,376.96999999999997,-0.09881422924901187,0.37719298245614036,0.6228070175438597,,,,,,,,,,,,,,,,,,,,,,,,,,
Product,PEA-300G-ROASTED-050,Roasted Peanuts 300g,Peanuts,23.24163908930687,Tactical promo / assortment tune,Optimize price-pack architecture; A/B promo mechanics,311.52,349.28,-0.10810810810810809,0.4621212121212121,0.537878787878788,,,,,,,,,,,,,,,,,,,,,,,,,,
Product,ALM-80G-SMOKED-008,Smoked Almonds 80g,Almonds,23.043764325020664,Tactical promo / assortment tune,Optimize price-pack architecture; A/B promo mechanics,851.64,1017.74,-0.16320474777448074,0.5070921985815603,0.49290780141843976,,,,,,,,,,,,,,,,,,,,,,,,,,
Product,SNA-135G-MIXED-SNACKS-121,Mixed Snacks Snacks 135g,Snacks,22.797709747999306,Tactical promo / assortment tune,Optimize price-pack architecture; A/B promo mechanics,264.0,297.0,-0.1111111111111111,0.5454545454545454,0.45454545454545453,,,,,,,,,,,,,,,,,,,,,,,,,,
Product,ALM-36G-SMOKED-007,Smoked Almonds 36g,Almonds,22.644098346882025,Tactical promo / assortment tune,Optimize price-pack architecture; A/B promo mechanics,525.92,610.69,-0.13881019830028343,0.44078947368421056,0.5592105263157896,,,,,,,,,,,,,,,,,,,,,,,,,,
Product,MIX-120G-FANCY-MIX-069,Fancy Mix Mixed Nuts 120g,Mixed Nuts,22.394214032533757,Tactical promo / assortment tune,Optimize price-pack architecture; A/B promo mechanics,285.12,324.0,-0.11999999999999998,0.3686868686868687,0.6313131313131313,,,,,,,,,,,,,,,,,,,,,,,,,,
Product,MAC-150G-NATURAL-BAKED-090,Natural Baked Macadamia 150g,Macadamia,22.30980416375742,Tactical promo / assortment tune,Optimize price-pack architecture; A/B promo mechanics,1233.75,1566.25,-0.2122905027932961,0.2978723404255319,0.7021276595744681,,,,,,,,,,,,,,,,,,,,,,,,,,
Product,PIS-80G-SALTED-039,Salted Pistachios 80g,Pistachios,21.389214066030057,Tactical promo / assortment tune,Optimize price-pack architecture; A/B promo mechanics,711.48,865.48,-0.17793594306049823,0.4415584415584416,0.5584415584415584,,,,,,,,,,,,,,,,,,,,,,,,,,
Product,SNA-80G-SATAY-BROAD-BEANS-113,Satay Broad Beans Snacks 80g,Snacks,20.18378890215456,Tactical promo / assortment tune,Optimize price-pack architecture; A/B promo mechanics,131.04,152.88,-0.14285714285714288,0.5,0.5,,,,,,,,,,,,,,,,,,,,,,,,,,
Product,PIS-150G-SALTED-041,Salted Pistachios 150g,Pistachios,19.919671035421285,Aging giant — refresh & defend,Run targeted promos; refresh packaging; shift budget to proven variants,1254.0,1683.0,-0.2549019607843137,0.42543859649122806,0.5745614035087719,,,,,,,,,,,,,,,,,,,,,,,,,,
Product,PEA-300G-SUGAR-057,Sugar Peanuts 300g,Peanuts,19.46294446450491,Tactical promo / assortment tune,Optimize price-pack architecture; A/B promo mechanics,297.36,358.71999999999997,-0.17105263157894726,0.4523809523809523,0.5476190476190476,,,,,,,,,,,,,,,,,,,,,,,,,,
Product,PEA-120G-ROASTED-047,Roasted Peanuts 120g,Peanuts,18.654351251664508,Tactical promo / assortment tune,Optimize price-pack architecture; A/B promo mechanics,149.58,180.36,-0.17065868263473052,0.3971119133574007,0.6028880866425993,,,,,,,,,,,,,,,,,,,,,,,,,,
Product,PEA-36G-ROASTED-045,Roasted Peanuts 36g,Peanuts,18.649676942547053,Tactical promo / assortment tune,Optimize price-pack architecture; A/B promo mechanics,171.52,207.36,-0.17283950617283952,0.3843283582089552,0.6156716417910447,,,,,,,,,,,,,,,,,,,,,,,,,,
Product,PEA-36G-IKAN-BILIS-065,Ikan Bilis Peanuts 36g,Peanuts,17.542618518005437,Tactical promo / assortment tune,Optimize price-pack architecture; A/B promo mechanics,150.4,185.6,-0.18965517241379304,0.37872340425531914,0.6212765957446809,,,,,,,,,,,,,,,,,,,,,,,,,,
Product,PIS-80G-BAKED-033,Baked Pistachios 80g,Pistachios,17.312936157372548,Tactical promo / assortment tune,Optimize price-pack architecture; A/B promo mechanics,705.32,936.32,-0.24671052631578946,0.43668122270742354,0.5633187772925764,,,,,,,,,,,,,,,,,,,,,,,,,,
Product,SNA-150G-MIXED-SNACKS-122,Mixed Snacks Snacks 150g,Snacks,12.613973373276094,Tactical promo / assortment tune,Optimize price-pack architecture; A/B promo mechanics,237.0,330.0,-0.2818181818181818,0.4177215189873418,0.5822784810126582,,,,,,,,,,,,,,,,,,,,,,,,,,
Product,SNA-130G-COATED-GREEN-PEAS-108,Coated Green Peas Snacks 130g,Snacks,12.503452898876253,Tactical promo / assortment tune,Optimize price-pack architecture; A/B promo mechanics,227.91,317.79,-0.2828282828282829,0.4366197183098592,0.5633802816901409,,,,,,,,,,,,,,,,,,,,,,,,,,
Product,MIX-36G-FRUITS---NUTTY-082,Fruits & Nutty Mixed Nuts 36g,Mixed Nuts,11.15086626936523,Tactical promo / assortment tune,Optimize price-pack architecture; A/B promo mechanics,283.86,412.11,-0.3112033195020747,0.4457831325301204,0.5542168674698794,,,,,,,,,,,,,,,,,,,,,,,,,,
Customer,,,,100.0,Win-back & Activation,Lapsed: email/SMS with tailored bundles; New: onboarding offer + first-order promo,,,,,,,,,,,,,,,,,,,Platinum,2532.0,2532.0,960.0,108.0,1410.061402692035,396.5797695071348,,,,,,
Customer,,,,59.21818181818181,Win-back & Activation,Lapsed: email/SMS with tailored bundles; New: onboarding offer + first-order promo,,,,,,,,,,,,,,,,,,,Gold,1669.0,1669.0,622.0,65.0,910.6646559052725,235.01023378200583,,,,,,
Customer,,,,15.027272727272727,Win-back & Activation,Lapsed: email/SMS with tailored bundles; New: onboarding offer + first-order promo,,,,,,,,,,,,,,,,,,,Silver,596.0,596.0,227.0,20.0,337.82721106163336,73.44069805687683,,,,,,
Customer,,,,0.0,Win-back & Activation,Lapsed: email/SMS with tailored bundles; New: onboarding offer + first-order promo,,,,,,,,,,,,,,,,,,,Bronze,303.0,303.0,76.0,7.0,117.50511689100291,29.37627922275073,,,,,,
