segment,customers,purchasers,total_spend,lapsed_180,new_no_purchase_90,reactivation_potential_customers,reactivation_potential_value_sgd,activation_potential_customers,activation_potential_value_sgd,priority_score,opportunity_title,recommended_action
Platinum,2532,2532,512531.5,960,108,96,1410.061402692035,27,396.5797695071348,100.0,Win-back & Activation,Lapsed: email/SMS with tailored bundles; New: onboarding offer + first-order promo
Gold,1669,1669,342102.21,622,65,62,910.6646559052725,16,235.01023378200583,59.21818181818181,Win-back & Activation,Lapsed: email/SMS with tailored bundles; New: onboarding offer + first-order promo
Silver,596,596,125285.06,227,20,23,337.82721106163336,5,73.44069805687683,15.027272727272727,Win-back & Activation,Lapsed: email/SMS with tailored bundles; New: onboarding offer + first-order promo
Bronze,303,303,181149.29,76,7,8,117.50511689100291,2,29.37627922275073,0.0,Win-back & Activation,Lapsed: email/SMS with tailored bundles; New: onboarding offer + first-order promo
