order_month,store_id,channel,units_sold,net_sales_sgd,transactions,avg_basket_value_sgd,avg_unit_price_sgd,store_name,region,planning_area,address_line1,city,postal_code,latitude,longitude,status
2019-01,S027,Offline_Retail,42,233.49,13,17.96,5.56,Orchid Mart - Bishan #01,Central,Bishan,Blk 171 Queenstown Rd #08-71,Singapore,324130,1.344109,103.859409,Open
2019-01,S028,Offline_Retail,26,145.78,10,14.58,5.61,Orchid Mart - Jurong East #02,West,Jurong East,Blk 272 Choa Chu Kang Ave 4 #08-46,Singapore,543555,1.346528,103.778825,Open
2019-01,S029,Offline_Retail,24,134.83,8,16.85,5.62,Orchid Mart - Serangoon #03,North-East,Serangoon,Blk 60 Toa Payoh Lor 1 #09-17,Singapore,428838,1.371394,103.867416,Open
2019-01,S030,Offline_Retail,24,134.83,8,16.85,5.62,Tropical Foods - Bishan #04,Central,Bishan,Blk 544 Clementi Ave 3 #01-75,Singapore,184002,1.308143,103.864357,Open
2019-01,S031,Offline_Retail,82,453.55,35,12.96,5.53,Tropical Foods - Bedok #05,East,Bedok,Blk 414 Bukit Batok West Ave 6 #04-84,Singapore,723398,1.304757,103.968946,Open
2019-01,S032,Offline_Retail,50,279.63,22,12.71,5.59,HDB Minimart - Toa Payoh #06,Central,Toa Payoh,Blk 324 Jurong West St 65 #04-95,Singapore,429445,1.32259,103.839566,Open
2019-01,S033,Offline_Retail,20,110.33,7,15.76,5.52,HDB Minimart - Pasir Ris #07,East,Pasir Ris,Blk 469 Marine Parade Rd #02-11,Singapore,580547,1.309161,103.95164,Open
2019-01,S034,Offline_Retail,44,240.91,17,14.17,5.48,Orchid Mart - Hougang #08,North-East,Hougang,Blk 136 Pasir Ris Dr 3 #02-41,Singapore,487477,1.392258,103.890471,Open
2019-01,S035,Offline_Retail,35,194.99,17,11.47,5.57,HDB Minimart - Woodlands #09,North,Woodlands,Blk 627 Choa Chu Kang Ave 4 #09-11,Singapore,800305,1.450025,103.821106,Open
2019-01,S036,Offline_Retail,4,21.06,1,21.06,5.26,Tropical Foods - Sengkang #10,North-East,Sengkang,Blk 271 Bukit Batok West Ave 6 #02-80,Singapore,262998,1.366215,103.92025,Open
2019-01,S037,Offline_Retail,12,65.48,5,13.1,5.46,Tropical Foods - Yishun #11,North,Yishun,Blk 704 Yishun Ring Rd #05-74,Singapore,612262,1.412638,103.810286,Open
2019-01,S038,Offline_Retail,37,205.44,11,18.68,5.55,Orchid Mart - Woodlands #12,North,Woodlands,Blk 46 Ang Mo Kio Ave 10 #06-26,Singapore,768061,1.438057,103.82488,Open
2019-01,S039,Offline_Retail,77,425.8,31,13.74,5.53,Tropical Foods - Woodlands #13,North,Woodlands,Blk 575 Ang Mo Kio Ave 10 #02-19,Singapore,824586,1.42651,103.82117,Open
2019-01,S040,Offline_Retail,25,135.77,8,16.97,5.43,Orchid Mart - Changi #14,East,Changi,Blk 152 Queenstown Rd #03-15,Singapore,423232,1.358422,103.946601,Open
2019-01,S041,Offline_Retail,19,103.2,6,17.2,5.43,HDB Minimart - Woodlands #15,North,Woodlands,Blk 106 Pasir Ris Dr 3 #09-62,Singapore,750810,1.412605,103.807486,Open
2019-01,S042,Offline_Retail,32,176.94,14,12.64,5.53,Orchid Mart - Tampines #16,East,Tampines,Blk 903 Queenstown Rd #01-32,Singapore,448321,1.368334,103.964862,Open
2019-01,S001,Supermarket,17,88.55,6,14.76,5.21,Garden Choice - Bishan #01,Central,Bishan,Blk 755 Bukit Batok West Ave 6 #09-21,Singapore,719176,1.292002,103.815625,Open
2019-01,S002,Supermarket,22,116.07,8,14.51,5.28,Merlion Super - Jurong East #02,West,Jurong East,Blk 617 Ang Mo Kio Ave 10 #09-35,Singapore,781453,1.326559,103.718613,Open
2019-01,S003,Supermarket,27,145.27,11,13.21,5.38,Merlion Super - Serangoon #03,North-East,Serangoon,Blk 891 Ang Mo Kio Ave 10 #03-99,Singapore,543143,1.386953,103.872255,Open
2019-01,S004,Supermarket,11,56.38,5,11.28,5.13,Merlion Super - Yishun #04,North,Yishun,Blk 105 Bishan St 22 #07-22,Singapore,476417,1.412919,103.822905,Open
2019-01,S005,Supermarket,49,261.61,16,16.35,5.34,Straits Grocer - Sembawang #05,North,Sembawang,Blk 550 Bukit Batok West Ave 6 #07-20,Singapore,678856,1.448428,103.821892,Open
2019-01,S006,Supermarket,9,47.14,4,11.78,5.24,Garden Choice - Sembawang #06,North,Sembawang,Blk 197 Orchard Rd #02-15,Singapore,793384,1.453127,103.810849,Open
2019-01,S007,Supermarket,8,41.64,3,13.88,5.2,Merlion Super - Pasir Ris #07,East,Pasir Ris,Blk 390 Jurong West St 65 #08-91,Singapore,482554,1.359872,103.969319,Open
2019-01,S008,Supermarket,32,170.35,11,15.49,5.32,Straits Grocer - Pasir Ris #08,East,Pasir Ris,Blk 960 Tiong Bahru Rd #02-87,Singapore,765822,1.314665,103.921358,Open
2019-01,S009,Supermarket,47,247.8,14,17.7,5.27,Garden Choice - Changi #09,East,Changi,Blk 277 Yishun Ring Rd #09-38,Singapore,817870,1.317137,103.936981,Open
2019-01,S010,Supermarket,32,167.16,13,12.86,5.22,Merlion Super - Woodlands #10,North,Woodlands,Blk 411 Jurong West St 65 #02-37,Singapore,694731,1.449308,103.824151,Open
2019-01,S011,Supermarket,25,134.04,12,11.17,5.36,Garden Choice - Woodlands #11,North,Woodlands,Blk 659 Sembawang Way #03-43,Singapore,246413,1.429954,103.82654,Open
2019-01,S012,Supermarket,22,115.16,7,16.45,5.23,Garden Choice - Changi #12,East,Changi,Blk 920 Toa Payoh Lor 1 #07-56,Singapore,329974,1.318392,103.946767,Open
2019-01,S013,Supermarket,19,100.41,8,12.55,5.28,Straits Grocer - Changi #13,East,Changi,Blk 113 Bukit Merah View #03-97,Singapore,542666,1.306364,103.903769,Open
2019-01,S014,Supermarket,57,302.81,20,15.14,5.31,Straits Grocer - Hougang #14,North-East,Hougang,Blk 542 Jurong West St 65 #09-11,Singapore,813328,1.382897,103.92969,Open
2019-01,S015,Supermarket,35,186.83,10,18.68,5.34,Garden Choice - Novena #15,Central,Novena,Blk 162 Sembawang Way #01-43,Singapore,624902,1.297214,103.820545,Open
2019-01,S016,Supermarket,20,107.22,10,10.72,5.36,Merlion Super - Changi #16,East,Changi,Blk 655 Serangoon North Ave 4 #04-29,Singapore,492077,1.360936,103.923876,Open
2019-01,S017,Supermarket,16,82.5,6,13.75,5.16,Garden Choice - Changi #17,East,Changi,Blk 501 Ang Mo Kio Ave 10 #02-56,Singapore,422451,1.364295,103.947916,Open
2019-01,S018,Supermarket,43,227.92,17,13.41,5.3,Merlion Super - Bedok #18,East,Bedok,Blk 88 Novena Rise #08-18,Singapore,658582,1.361461,103.975756,Open
2019-01,S019,Supermarket,56,298.02,18,16.56,5.32,Garden Choice - Tampines #19,East,Tampines,Blk 272 Serangoon North Ave 4 #07-37,Singapore,665492,1.33327,103.943984,Open
2019-01,S020,Supermarket,53,280.21,20,14.01,5.29,Straits Grocer - Pasir Ris #20,East,Pasir Ris,Blk 449 Serangoon North Ave 4 #08-25,Singapore,359947,1.36966,103.95199,Open
2019-01,S021,Supermarket,13,70.56,4,17.64,5.43,Straits Grocer - Bedok #21,East,Bedok,Blk 603 Jurong East St 21 #01-19,Singapore,761759,1.301472,103.944314,Open
2019-01,S022,Supermarket,22,114.37,10,11.44,5.2,Merlion Super - Queenstown #22,Central,Queenstown,Blk 73 Serangoon North Ave 4 #04-45,Singapore,801474,1.342434,103.860174,Open
2019-01,S023,Supermarket,19,98.78,6,16.46,5.2,Garden Choice - Jurong West #23,West,Jurong West,Blk 585 Toa Payoh Lor 1 #08-41,Singapore,595948,1.329262,103.774841,Open
2019-01,S024,Supermarket,24,126.69,11,11.52,5.28,Merlion Super - Jurong West #24,West,Jurong West,Blk 434 Queenstown Rd #08-16,Singapore,806073,1.326785,103.734484,Open
2019-01,S025,Supermarket,49,259.94,24,10.83,5.3,Straits Grocer - Bishan #25,Central,Bishan,Blk 112 Jurong East St 21 #04-34,Singapore,662336,1.328257,103.856041,Open
2019-01,S026,Supermarket,68,361.32,26,13.9,5.31,Straits Grocer - Jurong West #26,West,Jurong West,Blk 896 Bishan St 22 #08-80,Singapore,202664,1.332844,103.73701,Open
2019-02,S027,Offline_Retail,35,191.96,13,14.77,5.48,Orchid Mart - Bishan #01,Central,Bishan,Blk 171 Queenstown Rd #08-71,Singapore,324130,1.344109,103.859409,Open
2019-02,S028,Offline_Retail,15,85.02,5,17.0,5.67,Orchid Mart - Jurong East #02,West,Jurong East,Blk 272 Choa Chu Kang Ave 4 #08-46,Singapore,543555,1.346528,103.778825,Open
2019-02,S029,Offline_Retail,26,142.82,9,15.87,5.49,Orchid Mart - Serangoon #03,North-East,Serangoon,Blk 60 Toa Payoh Lor 1 #09-17,Singapore,428838,1.371394,103.867416,Open
2019-02,S030,Offline_Retail,73,406.42,21,19.35,5.57,Tropical Foods - Bishan #04,Central,Bishan,Blk 544 Clementi Ave 3 #01-75,Singapore,184002,1.308143,103.864357,Open
2019-02,S031,Offline_Retail,28,156.98,9,17.44,5.61,Tropical Foods - Bedok #05,East,Bedok,Blk 414 Bukit Batok West Ave 6 #04-84,Singapore,723398,1.304757,103.968946,Open
2019-02,S032,Offline_Retail,21,115.4,9,12.82,5.5,HDB Minimart - Toa Payoh #06,Central,Toa Payoh,Blk 324 Jurong West St 65 #04-95,Singapore,429445,1.32259,103.839566,Open
2019-02,S033,Offline_Retail,22,123.26,8,15.41,5.6,HDB Minimart - Pasir Ris #07,East,Pasir Ris,Blk 469 Marine Parade Rd #02-11,Singapore,580547,1.309161,103.95164,Open
2019-02,S034,Offline_Retail,35,191.34,10,19.13,5.47,Orchid Mart - Hougang #08,North-East,Hougang,Blk 136 Pasir Ris Dr 3 #02-41,Singapore,487477,1.392258,103.890471,Open
2019-02,S035,Offline_Retail,13,72.75,4,18.19,5.6,HDB Minimart - Woodlands #09,North,Woodlands,Blk 627 Choa Chu Kang Ave 4 #09-11,Singapore,800305,1.450025,103.821106,Open
2019-02,S036,Offline_Retail,17,96.85,6,16.14,5.7,Tropical Foods - Sengkang #10,North-East,Sengkang,Blk 271 Bukit Batok West Ave 6 #02-80,Singapore,262998,1.366215,103.92025,Open
2019-02,S037,Offline_Retail,50,277.54,17,16.33,5.55,Tropical Foods - Yishun #11,North,Yishun,Blk 704 Yishun Ring Rd #05-74,Singapore,612262,1.412638,103.810286,Open
2019-02,S038,Offline_Retail,34,187.52,16,11.72,5.52,Orchid Mart - Woodlands #12,North,Woodlands,Blk 46 Ang Mo Kio Ave 10 #06-26,Singapore,768061,1.438057,103.82488,Open
2019-02,S039,Offline_Retail,29,158.18,9,17.58,5.45,Tropical Foods - Woodlands #13,North,Woodlands,Blk 575 Ang Mo Kio Ave 10 #02-19,Singapore,824586,1.42651,103.82117,Open
2019-02,S040,Offline_Retail,52,286.9,19,15.1,5.52,Orchid Mart - Changi #14,East,Changi,Blk 152 Queenstown Rd #03-15,Singapore,423232,1.358422,103.946601,Open
2019-02,S041,Offline_Retail,15,80.6,5,16.12,5.37,HDB Minimart - Woodlands #15,North,Woodlands,Blk 106 Pasir Ris Dr 3 #09-62,Singapore,750810,1.412605,103.807486,Open
2019-02,S042,Offline_Retail,20,112.65,8,14.08,5.63,Orchid Mart - Tampines #16,East,Tampines,Blk 903 Queenstown Rd #01-32,Singapore,448321,1.368334,103.964862,Open
2019-02,S001,Supermarket,28,152.57,9,16.95,5.45,Garden Choice - Bishan #01,Central,Bishan,Blk 755 Bukit Batok West Ave 6 #09-21,Singapore,719176,1.292002,103.815625,Open
2019-02,S002,Supermarket,28,148.75,10,14.88,5.31,Merlion Super - Jurong East #02,West,Jurong East,Blk 617 Ang Mo Kio Ave 10 #09-35,Singapore,781453,1.326559,103.718613,Open
2019-02,S003,Supermarket,6,31.25,3,10.42,5.21,Merlion Super - Serangoon #03,North-East,Serangoon,Blk 891 Ang Mo Kio Ave 10 #03-99,Singapore,543143,1.386953,103.872255,Open
2019-02,S004,Supermarket,16,86.63,5,17.33,5.41,Merlion Super - Yishun #04,North,Yishun,Blk 105 Bishan St 22 #07-22,Singapore,476417,1.412919,103.822905,Open
2019-02,S005,Supermarket,20,107.66,8,13.46,5.38,Straits Grocer - Sembawang #05,North,Sembawang,Blk 550 Bukit Batok West Ave 6 #07-20,Singapore,678856,1.448428,103.821892,Open
2019-02,S006,Supermarket,31,164.73,10,16.47,5.31,Garden Choice - Sembawang #06,North,Sembawang,Blk 197 Orchard Rd #02-15,Singapore,793384,1.453127,103.810849,Open
2019-02,S007,Supermarket,28,148.37,12,12.36,5.3,Merlion Super - Pasir Ris #07,East,Pasir Ris,Blk 390 Jurong West St 65 #08-91,Singapore,482554,1.359872,103.969319,Open
2019-02,S008,Supermarket,21,115.39,7,16.48,5.49,Straits Grocer - Pasir Ris #08,East,Pasir Ris,Blk 960 Tiong Bahru Rd #02-87,Singapore,765822,1.314665,103.921358,Open
2019-02,S009,Supermarket,3,15.71,1,15.71,5.24,Garden Choice - Changi #09,East,Changi,Blk 277 Yishun Ring Rd #09-38,Singapore,817870,1.317137,103.936981,Open
2019-02,S010,Supermarket,22,119.82,7,17.12,5.45,Merlion Super - Woodlands #10,North,Woodlands,Blk 411 Jurong West St 65 #02-37,Singapore,694731,1.449308,103.824151,Open
2019-02,S011,Supermarket,24,128.11,10,12.81,5.34,Garden Choice - Woodlands #11,North,Woodlands,Blk 659 Sembawang Way #03-43,Singapore,246413,1.429954,103.82654,Open
2019-02,S012,Supermarket,100,535.6,43,12.46,5.36,Garden Choice - Changi #12,East,Changi,Blk 920 Toa Payoh Lor 1 #07-56,Singapore,329974,1.318392,103.946767,Open
2019-02,S013,Supermarket,20,104.98,6,17.5,5.25,Straits Grocer - Changi #13,East,Changi,Blk 113 Bukit Merah View #03-97,Singapore,542666,1.306364,103.903769,Open
2019-02,S014,Supermarket,28,153.16,10,15.32,5.47,Straits Grocer - Hougang #14,North-East,Hougang,Blk 542 Jurong West St 65 #09-11,Singapore,813328,1.382897,103.92969,Open
2019-02,S015,Supermarket,49,265.68,20,13.28,5.42,Garden Choice - Novena #15,Central,Novena,Blk 162 Sembawang Way #01-43,Singapore,624902,1.297214,103.820545,Open
2019-02,S016,Supermarket,39,208.28,15,13.89,5.34,Merlion Super - Changi #16,East,Changi,Blk 655 Serangoon North Ave 4 #04-29,Singapore,492077,1.360936,103.923876,Open
2019-02,S017,Supermarket,58,309.17,19,16.27,5.33,Garden Choice - Changi #17,East,Changi,Blk 501 Ang Mo Kio Ave 10 #02-56,Singapore,422451,1.364295,103.947916,Open
2019-02,S018,Supermarket,6,31.77,2,15.88,5.3,Merlion Super - Bedok #18,East,Bedok,Blk 88 Novena Rise #08-18,Singapore,658582,1.361461,103.975756,Open
2019-02,S019,Supermarket,9,50.42,3,16.81,5.6,Garden Choice - Tampines #19,East,Tampines,Blk 272 Serangoon North Ave 4 #07-37,Singapore,665492,1.33327,103.943984,Open
2019-02,S020,Supermarket,14,76.12,4,19.03,5.44,Straits Grocer - Pasir Ris #20,East,Pasir Ris,Blk 449 Serangoon North Ave 4 #08-25,Singapore,359947,1.36966,103.95199,Open
2019-02,S021,Supermarket,5,26.37,2,13.18,5.27,Straits Grocer - Bedok #21,East,Bedok,Blk 603 Jurong East St 21 #01-19,Singapore,761759,1.301472,103.944314,Open
2019-02,S022,Supermarket,24,128.92,8,16.11,5.37,Merlion Super - Queenstown #22,Central,Queenstown,Blk 73 Serangoon North Ave 4 #04-45,Singapore,801474,1.342434,103.860174,Open
2019-02,S023,Supermarket,10,54.25,4,13.56,5.42,Garden Choice - Jurong West #23,West,Jurong West,Blk 585 Toa Payoh Lor 1 #08-41,Singapore,595948,1.329262,103.774841,Open
2019-02,S024,Supermarket,63,335.76,21,15.99,5.33,Merlion Super - Jurong West #24,West,Jurong West,Blk 434 Queenstown Rd #08-16,Singapore,806073,1.326785,103.734484,Open
2019-02,S025,Supermarket,12,62.1,4,15.52,5.18,Straits Grocer - Bishan #25,Central,Bishan,Blk 112 Jurong East St 21 #04-34,Singapore,662336,1.328257,103.856041,Open
2019-02,S026,Supermarket,18,94.27,8,11.78,5.24,Straits Grocer - Jurong West #26,West,Jurong West,Blk 896 Bishan St 22 #08-80,Singapore,202664,1.332844,103.73701,Open
2019-03,S027,Offline_Retail,46,250.01,13,19.23,5.44,Orchid Mart - Bishan #01,Central,Bishan,Blk 171 Queenstown Rd #08-71,Singapore,324130,1.344109,103.859409,Open
2019-03,S028,Offline_Retail,8,44.8,3,14.93,5.6,Orchid Mart - Jurong East #02,West,Jurong East,Blk 272 Choa Chu Kang Ave 4 #08-46,Singapore,543555,1.346528,103.778825,Open
2019-03,S029,Offline_Retail,5,28.24,2,14.12,5.65,Orchid Mart - Serangoon #03,North-East,Serangoon,Blk 60 Toa Payoh Lor 1 #09-17,Singapore,428838,1.371394,103.867416,Open
2019-03,S030,Offline_Retail,30,162.26,9,18.03,5.41,Tropical Foods - Bishan #04,Central,Bishan,Blk 544 Clementi Ave 3 #01-75,Singapore,184002,1.308143,103.864357,Open
2019-03,S031,Offline_Retail,31,171.46,14,12.25,5.53,Tropical Foods - Bedok #05,East,Bedok,Blk 414 Bukit Batok West Ave 6 #04-84,Singapore,723398,1.304757,103.968946,Open
2019-03,S032,Offline_Retail,45,244.97,22,11.14,5.44,HDB Minimart - Toa Payoh #06,Central,Toa Payoh,Blk 324 Jurong West St 65 #04-95,Singapore,429445,1.32259,103.839566,Open
2019-03,S033,Offline_Retail,38,206.19,11,18.74,5.43,HDB Minimart - Pasir Ris #07,East,Pasir Ris,Blk 469 Marine Parade Rd #02-11,Singapore,580547,1.309161,103.95164,Open
2019-03,S034,Offline_Retail,32,176.12,11,16.01,5.5,Orchid Mart - Hougang #08,North-East,Hougang,Blk 136 Pasir Ris Dr 3 #02-41,Singapore,487477,1.392258,103.890471,Open
2019-03,S035,Offline_Retail,14,79.07,4,19.77,5.65,HDB Minimart - Woodlands #09,North,Woodlands,Blk 627 Choa Chu Kang Ave 4 #09-11,Singapore,800305,1.450025,103.821106,Open
2019-03,S036,Offline_Retail,31,168.04,12,14.0,5.42,Tropical Foods - Sengkang #10,North-East,Sengkang,Blk 271 Bukit Batok West Ave 6 #02-80,Singapore,262998,1.366215,103.92025,Open
2019-03,S037,Offline_Retail,32,175.62,10,17.56,5.49,Tropical Foods - Yishun #11,North,Yishun,Blk 704 Yishun Ring Rd #05-74,Singapore,612262,1.412638,103.810286,Open
2019-03,S038,Offline_Retail,14,76.54,5,15.31,5.47,Orchid Mart - Woodlands #12,North,Woodlands,Blk 46 Ang Mo Kio Ave 10 #06-26,Singapore,768061,1.438057,103.82488,Open
2019-03,S039,Offline_Retail,84,459.07,27,17.0,5.47,Tropical Foods - Woodlands #13,North,Woodlands,Blk 575 Ang Mo Kio Ave 10 #02-19,Singapore,824586,1.42651,103.82117,Open
2019-03,S040,Offline_Retail,37,199.49,14,14.25,5.39,Orchid Mart - Changi #14,East,Changi,Blk 152 Queenstown Rd #03-15,Singapore,423232,1.358422,103.946601,Open
2019-03,S041,Offline_Retail,11,59.13,4,14.78,5.38,HDB Minimart - Woodlands #15,North,Woodlands,Blk 106 Pasir Ris Dr 3 #09-62,Singapore,750810,1.412605,103.807486,Open
2019-03,S042,Offline_Retail,45,245.8,20,12.29,5.46,Orchid Mart - Tampines #16,East,Tampines,Blk 903 Queenstown Rd #01-32,Singapore,448321,1.368334,103.964862,Open
2019-03,S001,Supermarket,45,247.94,15,16.53,5.51,Garden Choice - Bishan #01,Central,Bishan,Blk 755 Bukit Batok West Ave 6 #09-21,Singapore,719176,1.292002,103.815625,Open
2019-03,S002,Supermarket,31,172.53,9,19.17,5.57,Merlion Super - Jurong East #02,West,Jurong East,Blk 617 Ang Mo Kio Ave 10 #09-35,Singapore,781453,1.326559,103.718613,Open
2019-03,S003,Supermarket,19,104.63,6,17.44,5.51,Merlion Super - Serangoon #03,North-East,Serangoon,Blk 891 Ang Mo Kio Ave 10 #03-99,Singapore,543143,1.386953,103.872255,Open
2019-03,S004,Supermarket,12,66.52,4,16.63,5.54,Merlion Super - Yishun #04,North,Yishun,Blk 105 Bishan St 22 #07-22,Singapore,476417,1.412919,103.822905,Open
2019-03,S005,Supermarket,22,119.87,7,17.12,5.45,Straits Grocer - Sembawang #05,North,Sembawang,Blk 550 Bukit Batok West Ave 6 #07-20,Singapore,678856,1.448428,103.821892,Open
2019-03,S006,Supermarket,30,164.02,13,12.62,5.47,Garden Choice - Sembawang #06,North,Sembawang,Blk 197 Orchard Rd #02-15,Singapore,793384,1.453127,103.810849,Open
2019-03,S007,Supermarket,23,128.61,7,18.37,5.59,Merlion Super - Pasir Ris #07,East,Pasir Ris,Blk 390 Jurong West St 65 #08-91,Singapore,482554,1.359872,103.969319,Open
2019-03,S008,Supermarket,60,331.21,20,16.56,5.52,Straits Grocer - Pasir Ris #08,East,Pasir Ris,Blk 960 Tiong Bahru Rd #02-87,Singapore,765822,1.314665,103.921358,Open
2019-03,S009,Supermarket,36,199.54,13,15.35,5.54,Garden Choice - Changi #09,East,Changi,Blk 277 Yishun Ring Rd #09-38,Singapore,817870,1.317137,103.936981,Open
2019-03,S010,Supermarket,11,60.12,4,15.03,5.47,Merlion Super - Woodlands #10,North,Woodlands,Blk 411 Jurong West St 65 #02-37,Singapore,694731,1.449308,103.824151,Open
2019-03,S011,Supermarket,9,48.22,3,16.07,5.36,Garden Choice - Woodlands #11,North,Woodlands,Blk 659 Sembawang Way #03-43,Singapore,246413,1.429954,103.82654,Open
2019-03,S012,Supermarket,33,181.09,15,12.07,5.49,Garden Choice - Changi #12,East,Changi,Blk 920 Toa Payoh Lor 1 #07-56,Singapore,329974,1.318392,103.946767,Open
2019-03,S013,Supermarket,19,106.53,9,11.84,5.61,Straits Grocer - Changi #13,East,Changi,Blk 113 Bukit Merah View #03-97,Singapore,542666,1.306364,103.903769,Open
2019-03,S014,Supermarket,38,211.53,14,15.11,5.57,Straits Grocer - Hougang #14,North-East,Hougang,Blk 542 Jurong West St 65 #09-11,Singapore,813328,1.382897,103.92969,Open
2019-03,S015,Supermarket,33,179.94,12,15.0,5.45,Garden Choice - Novena #15,Central,Novena,Blk 162 Sembawang Way #01-43,Singapore,624902,1.297214,103.820545,Open
2019-03,S016,Supermarket,22,120.28,8,15.04,5.47,Merlion Super - Changi #16,East,Changi,Blk 655 Serangoon North Ave 4 #04-29,Singapore,492077,1.360936,103.923876,Open
2019-03,S017,Supermarket,11,60.74,4,15.18,5.52,Garden Choice - Changi #17,East,Changi,Blk 501 Ang Mo Kio Ave 10 #02-56,Singapore,422451,1.364295,103.947916,Open
2019-03,S018,Supermarket,5,28.74,2,14.37,5.75,Merlion Super - Bedok #18,East,Bedok,Blk 88 Novena Rise #08-18,Singapore,658582,1.361461,103.975756,Open
2019-03,S019,Supermarket,27,149.63,10,14.96,5.54,Garden Choice - Tampines #19,East,Tampines,Blk 272 Serangoon North Ave 4 #07-37,Singapore,665492,1.33327,103.943984,Open
2019-03,S020,Supermarket,7,39.75,2,19.88,5.68,Straits Grocer - Pasir Ris #20,East,Pasir Ris,Blk 449 Serangoon North Ave 4 #08-25,Singapore,359947,1.36966,103.95199,Open
2019-03,S021,Supermarket,11,58.54,3,19.51,5.32,Straits Grocer - Bedok #21,East,Bedok,Blk 603 Jurong East St 21 #01-19,Singapore,761759,1.301472,103.944314,Open
2019-03,S022,Supermarket,26,143.1,10,14.31,5.5,Merlion Super - Queenstown #22,Central,Queenstown,Blk 73 Serangoon North Ave 4 #04-45,Singapore,801474,1.342434,103.860174,Open
2019-03,S023,Supermarket,24,133.15,7,19.02,5.55,Garden Choice - Jurong West #23,West,Jurong West,Blk 585 Toa Payoh Lor 1 #08-41,Singapore,595948,1.329262,103.774841,Open
2019-03,S024,Supermarket,8,44.59,3,14.86,5.57,Merlion Super - Jurong West #24,West,Jurong West,Blk 434 Queenstown Rd #08-16,Singapore,806073,1.326785,103.734484,Open
2019-03,S025,Supermarket,48,266.8,21,12.7,5.56,Straits Grocer - Bishan #25,Central,Bishan,Blk 112 Jurong East St 21 #04-34,Singapore,662336,1.328257,103.856041,Open
2019-03,S026,Supermarket,48,262.11,15,17.47,5.46,Straits Grocer - Jurong West #26,West,Jurong West,Blk 896 Bishan St 22 #08-80,Singapore,202664,1.332844,103.73701,Open
2019-04,S027,Offline_Retail,30,173.72,11,15.79,5.79,Orchid Mart - Bishan #01,Central,Bishan,Blk 171 Queenstown Rd #08-71,Singapore,324130,1.344109,103.859409,Open
2019-04,S028,Offline_Retail,30,173.57,10,17.36,5.79,Orchid Mart - Jurong East #02,West,Jurong East,Blk 272 Choa Chu Kang Ave 4 #08-46,Singapore,543555,1.346528,103.778825,Open
2019-04,S029,Offline_Retail,30,173.72,9,19.3,5.79,Orchid Mart - Serangoon #03,North-East,Serangoon,Blk 60 Toa Payoh Lor 1 #09-17,Singapore,428838,1.371394,103.867416,Open
2019-04,S030,Offline_Retail,40,231.25,17,13.6,5.78,Tropical Foods - Bishan #04,Central,Bishan,Blk 544 Clementi Ave 3 #01-75,Singapore,184002,1.308143,103.864357,Open
2019-04,S031,Offline_Retail,33,190.42,10,19.04,5.77,Tropical Foods - Bedok #05,East,Bedok,Blk 414 Bukit Batok West Ave 6 #04-84,Singapore,723398,1.304757,103.968946,Open
2019-04,S032,Offline_Retail,10,61.26,4,15.32,6.13,HDB Minimart - Toa Payoh #06,Central,Toa Payoh,Blk 324 Jurong West St 65 #04-95,Singapore,429445,1.32259,103.839566,Open
2019-04,S033,Offline_Retail,17,98.85,7,14.12,5.81,HDB Minimart - Pasir Ris #07,East,Pasir Ris,Blk 469 Marine Parade Rd #02-11,Singapore,580547,1.309161,103.95164,Open
2019-04,S034,Offline_Retail,83,487.1,31,15.71,5.87,Orchid Mart - Hougang #08,North-East,Hougang,Blk 136 Pasir Ris Dr 3 #02-41,Singapore,487477,1.392258,103.890471,Open
2019-04,S035,Offline_Retail,3,16.59,1,16.59,5.53,HDB Minimart - Woodlands #09,North,Woodlands,Blk 627 Choa Chu Kang Ave 4 #09-11,Singapore,800305,1.450025,103.821106,Open
2019-04,S036,Offline_Retail,14,80.89,6,13.48,5.78,Tropical Foods - Sengkang #10,North-East,Sengkang,Blk 271 Bukit Batok West Ave 6 #02-80,Singapore,262998,1.366215,103.92025,Open
2019-04,S037,Offline_Retail,43,251.19,17,14.78,5.84,Tropical Foods - Yishun #11,North,Yishun,Blk 704 Yishun Ring Rd #05-74,Singapore,612262,1.412638,103.810286,Open
2019-04,S038,Offline_Retail,11,64.74,3,21.58,5.89,Orchid Mart - Woodlands #12,North,Woodlands,Blk 46 Ang Mo Kio Ave 10 #06-26,Singapore,768061,1.438057,103.82488,Open
2019-04,S039,Offline_Retail,33,194.01,16,12.13,5.88,Tropical Foods - Woodlands #13,North,Woodlands,Blk 575 Ang Mo Kio Ave 10 #02-19,Singapore,824586,1.42651,103.82117,Open
2019-04,S040,Offline_Retail,21,123.72,9,13.75,5.89,Orchid Mart - Changi #14,East,Changi,Blk 152 Queenstown Rd #03-15,Singapore,423232,1.358422,103.946601,Open
2019-04,S041,Offline_Retail,12,68.73,5,13.75,5.73,HDB Minimart - Woodlands #15,North,Woodlands,Blk 106 Pasir Ris Dr 3 #09-62,Singapore,750810,1.412605,103.807486,Open
2019-04,S042,Offline_Retail,2,12.97,1,12.97,6.48,Orchid Mart - Tampines #16,East,Tampines,Blk 903 Queenstown Rd #01-32,Singapore,448321,1.368334,103.964862,Open
2019-04,S001,Supermarket,22,118.65,9,13.18,5.39,Garden Choice - Bishan #01,Central,Bishan,Blk 755 Bukit Batok West Ave 6 #09-21,Singapore,719176,1.292002,103.815625,Open
2019-04,S002,Supermarket,9,51.85,3,17.28,5.76,Merlion Super - Jurong East #02,West,Jurong East,Blk 617 Ang Mo Kio Ave 10 #09-35,Singapore,781453,1.326559,103.718613,Open
2019-04,S003,Supermarket,17,94.15,7,13.45,5.54,Merlion Super - Serangoon #03,North-East,Serangoon,Blk 891 Ang Mo Kio Ave 10 #03-99,Singapore,543143,1.386953,103.872255,Open
2019-04,S004,Supermarket,27,148.83,10,14.88,5.51,Merlion Super - Yishun #04,North,Yishun,Blk 105 Bishan St 22 #07-22,Singapore,476417,1.412919,103.822905,Open
2019-04,S005,Supermarket,34,188.74,16,11.8,5.55,Straits Grocer - Sembawang #05,North,Sembawang,Blk 550 Bukit Batok West Ave 6 #07-20,Singapore,678856,1.448428,103.821892,Open
2019-04,S006,Supermarket,13,69.59,4,17.4,5.35,Garden Choice - Sembawang #06,North,Sembawang,Blk 197 Orchard Rd #02-15,Singapore,793384,1.453127,103.810849,Open
2019-04,S007,Supermarket,11,59.2,4,14.8,5.38,Merlion Super - Pasir Ris #07,East,Pasir Ris,Blk 390 Jurong West St 65 #08-91,Singapore,482554,1.359872,103.969319,Open
2019-04,S008,Supermarket,6,31.61,2,15.8,5.27,Straits Grocer - Pasir Ris #08,East,Pasir Ris,Blk 960 Tiong Bahru Rd #02-87,Singapore,765822,1.314665,103.921358,Open
2019-04,S009,Supermarket,35,195.04,10,19.5,5.57,Garden Choice - Changi #09,East,Changi,Blk 277 Yishun Ring Rd #09-38,Singapore,817870,1.317137,103.936981,Open
2019-04,S010,Supermarket,69,382.21,34,11.24,5.54,Merlion Super - Woodlands #10,North,Woodlands,Blk 411 Jurong West St 65 #02-37,Singapore,694731,1.449308,103.824151,Open
2019-04,S011,Supermarket,38,209.37,11,19.03,5.51,Garden Choice - Woodlands #11,North,Woodlands,Blk 659 Sembawang Way #03-43,Singapore,246413,1.429954,103.82654,Open
2019-04,S012,Supermarket,44,240.85,15,16.06,5.47,Garden Choice - Changi #12,East,Changi,Blk 920 Toa Payoh Lor 1 #07-56,Singapore,329974,1.318392,103.946767,Open
2019-04,S013,Supermarket,10,56.25,4,14.06,5.62,Straits Grocer - Changi #13,East,Changi,Blk 113 Bukit Merah View #03-97,Singapore,542666,1.306364,103.903769,Open
2019-04,S014,Supermarket,26,142.68,8,17.84,5.49,Straits Grocer - Hougang #14,North-East,Hougang,Blk 542 Jurong West St 65 #09-11,Singapore,813328,1.382897,103.92969,Open
2019-04,S015,Supermarket,32,178.06,13,13.7,5.56,Garden Choice - Novena #15,Central,Novena,Blk 162 Sembawang Way #01-43,Singapore,624902,1.297214,103.820545,Open
2019-04,S016,Supermarket,7,41.0,3,13.67,5.86,Merlion Super - Changi #16,East,Changi,Blk 655 Serangoon North Ave 4 #04-29,Singapore,492077,1.360936,103.923876,Open
2019-04,S017,Supermarket,54,295.97,16,18.5,5.48,Garden Choice - Changi #17,East,Changi,Blk 501 Ang Mo Kio Ave 10 #02-56,Singapore,422451,1.364295,103.947916,Open
2019-04,S018,Supermarket,5,25.86,2,12.93,5.17,Merlion Super - Bedok #18,East,Bedok,Blk 88 Novena Rise #08-18,Singapore,658582,1.361461,103.975756,Open
2019-04,S019,Supermarket,48,266.2,17,15.66,5.55,Garden Choice - Tampines #19,East,Tampines,Blk 272 Serangoon North Ave 4 #07-37,Singapore,665492,1.33327,103.943984,Open
2019-04,S020,Supermarket,5,25.68,2,12.84,5.14,Straits Grocer - Pasir Ris #20,East,Pasir Ris,Blk 449 Serangoon North Ave 4 #08-25,Singapore,359947,1.36966,103.95199,Open
2019-04,S021,Supermarket,8,42.88,3,14.29,5.36,Straits Grocer - Bedok #21,East,Bedok,Blk 603 Jurong East St 21 #01-19,Singapore,761759,1.301472,103.944314,Open
2019-04,S022,Supermarket,26,144.5,8,18.06,5.56,Merlion Super - Queenstown #22,Central,Queenstown,Blk 73 Serangoon North Ave 4 #04-45,Singapore,801474,1.342434,103.860174,Open
2019-04,S023,Supermarket,20,108.72,7,15.53,5.44,Garden Choice - Jurong West #23,West,Jurong West,Blk 585 Toa Payoh Lor 1 #08-41,Singapore,595948,1.329262,103.774841,Open
2019-04,S024,Supermarket,14,75.25,6,12.54,5.38,Merlion Super - Jurong West #24,West,Jurong West,Blk 434 Queenstown Rd #08-16,Singapore,806073,1.326785,103.734484,Open
2019-04,S025,Supermarket,52,288.55,19,15.19,5.55,Straits Grocer - Bishan #25,Central,Bishan,Blk 112 Jurong East St 21 #04-34,Singapore,662336,1.328257,103.856041,Open
2019-04,S026,Supermarket,6,32.46,2,16.23,5.41,Straits Grocer - Jurong West #26,West,Jurong West,Blk 896 Bishan St 22 #08-80,Singapore,202664,1.332844,103.73701,Open
2019-05,S027,Offline_Retail,21,110.55,7,15.79,5.26,Orchid Mart - Bishan #01,Central,Bishan,Blk 171 Queenstown Rd #08-71,Singapore,324130,1.344109,103.859409,Open
2019-05,S028,Offline_Retail,36,190.5,11,17.32,5.29,Orchid Mart - Jurong East #02,West,Jurong East,Blk 272 Choa Chu Kang Ave 4 #08-46,Singapore,543555,1.346528,103.778825,Open
2019-05,S029,Offline_Retail,29,153.78,9,17.09,5.3,Orchid Mart - Serangoon #03,North-East,Serangoon,Blk 60 Toa Payoh Lor 1 #09-17,Singapore,428838,1.371394,103.867416,Open
2019-05,S030,Offline_Retail,14,73.67,4,18.42,5.26,Tropical Foods - Bishan #04,Central,Bishan,Blk 544 Clementi Ave 3 #01-75,Singapore,184002,1.308143,103.864357,Open
2019-05,S031,Offline_Retail,15,75.96,4,18.99,5.06,Tropical Foods - Bedok #05,East,Bedok,Blk 414 Bukit Batok West Ave 6 #04-84,Singapore,723398,1.304757,103.968946,Open
2019-05,S032,Offline_Retail,43,225.97,12,18.83,5.26,HDB Minimart - Toa Payoh #06,Central,Toa Payoh,Blk 324 Jurong West St 65 #04-95,Singapore,429445,1.32259,103.839566,Open
2019-05,S033,Offline_Retail,45,233.24,16,14.58,5.18,HDB Minimart - Pasir Ris #07,East,Pasir Ris,Blk 469 Marine Parade Rd #02-11,Singapore,580547,1.309161,103.95164,Open
2019-05,S034,Offline_Retail,30,156.72,9,17.41,5.22,Orchid Mart - Hougang #08,North-East,Hougang,Blk 136 Pasir Ris Dr 3 #02-41,Singapore,487477,1.392258,103.890471,Open
2019-05,S035,Offline_Retail,12,60.51,4,15.13,5.04,HDB Minimart - Woodlands #09,North,Woodlands,Blk 627 Choa Chu Kang Ave 4 #09-11,Singapore,800305,1.450025,103.821106,Open
2019-05,S036,Offline_Retail,15,78.0,5,15.6,5.2,Tropical Foods - Sengkang #10,North-East,Sengkang,Blk 271 Bukit Batok West Ave 6 #02-80,Singapore,262998,1.366215,103.92025,Open
2019-05,S037,Offline_Retail,23,122.63,11,11.15,5.33,Tropical Foods - Yishun #11,North,Yishun,Blk 704 Yishun Ring Rd #05-74,Singapore,612262,1.412638,103.810286,Open
2019-05,S038,Offline_Retail,26,136.31,10,13.63,5.24,Orchid Mart - Woodlands #12,North,Woodlands,Blk 46 Ang Mo Kio Ave 10 #06-26,Singapore,768061,1.438057,103.82488,Open
2019-05,S039,Offline_Retail,35,185.27,11,16.84,5.29,Tropical Foods - Woodlands #13,North,Woodlands,Blk 575 Ang Mo Kio Ave 10 #02-19,Singapore,824586,1.42651,103.82117,Open
2019-05,S040,Offline_Retail,20,106.12,9,11.79,5.31,Orchid Mart - Changi #14,East,Changi,Blk 152 Queenstown Rd #03-15,Singapore,423232,1.358422,103.946601,Open
2019-05,S041,Offline_Retail,43,222.52,18,12.36,5.17,HDB Minimart - Woodlands #15,North,Woodlands,Blk 106 Pasir Ris Dr 3 #09-62,Singapore,750810,1.412605,103.807486,Open
2019-05,S042,Offline_Retail,42,220.83,17,12.99,5.26,Orchid Mart - Tampines #16,East,Tampines,Blk 903 Queenstown Rd #01-32,Singapore,448321,1.368334,103.964862,Open
2019-05,S001,Supermarket,37,208.65,14,14.9,5.64,Garden Choice - Bishan #01,Central,Bishan,Blk 755 Bukit Batok West Ave 6 #09-21,Singapore,719176,1.292002,103.815625,Open
2019-05,S002,Supermarket,16,88.71,6,14.78,5.54,Merlion Super - Jurong East #02,West,Jurong East,Blk 617 Ang Mo Kio Ave 10 #09-35,Singapore,781453,1.326559,103.718613,Open
2019-05,S003,Supermarket,20,111.09,6,18.52,5.55,Merlion Super - Serangoon #03,North-East,Serangoon,Blk 891 Ang Mo Kio Ave 10 #03-99,Singapore,543143,1.386953,103.872255,Open
2019-05,S004,Supermarket,14,78.78,6,13.13,5.63,Merlion Super - Yishun #04,North,Yishun,Blk 105 Bishan St 22 #07-22,Singapore,476417,1.412919,103.822905,Open
2019-05,S005,Supermarket,8,42.83,2,21.42,5.35,Straits Grocer - Sembawang #05,North,Sembawang,Blk 550 Bukit Batok West Ave 6 #07-20,Singapore,678856,1.448428,103.821892,Open
2019-05,S006,Supermarket,56,318.95,21,15.19,5.7,Garden Choice - Sembawang #06,North,Sembawang,Blk 197 Orchard Rd #02-15,Singapore,793384,1.453127,103.810849,Open
2019-05,S007,Supermarket,34,191.34,10,19.13,5.63,Merlion Super - Pasir Ris #07,East,Pasir Ris,Blk 390 Jurong West St 65 #08-91,Singapore,482554,1.359872,103.969319,Open
2019-05,S008,Supermarket,27,152.5,10,15.25,5.65,Straits Grocer - Pasir Ris #08,East,Pasir Ris,Blk 960 Tiong Bahru Rd #02-87,Singapore,765822,1.314665,103.921358,Open
2019-05,S009,Supermarket,15,86.46,5,17.29,5.76,Garden Choice - Changi #09,East,Changi,Blk 277 Yishun Ring Rd #09-38,Singapore,817870,1.317137,103.936981,Open
2019-05,S010,Supermarket,7,39.59,3,13.2,5.66,Merlion Super - Woodlands #10,North,Woodlands,Blk 411 Jurong West St 65 #02-37,Singapore,694731,1.449308,103.824151,Open
2019-05,S011,Supermarket,30,171.21,9,19.02,5.71,Garden Choice - Woodlands #11,North,Woodlands,Blk 659 Sembawang Way #03-43,Singapore,246413,1.429954,103.82654,Open
2019-05,S012,Supermarket,14,77.72,6,12.95,5.55,Garden Choice - Changi #12,East,Changi,Blk 920 Toa Payoh Lor 1 #07-56,Singapore,329974,1.318392,103.946767,Open
2019-05,S013,Supermarket,21,118.29,10,11.83,5.63,Straits Grocer - Changi #13,East,Changi,Blk 113 Bukit Merah View #03-97,Singapore,542666,1.306364,103.903769,Open
2019-05,S014,Supermarket,10,54.45,3,18.15,5.44,Straits Grocer - Hougang #14,North-East,Hougang,Blk 542 Jurong West St 65 #09-11,Singapore,813328,1.382897,103.92969,Open
2019-05,S015,Supermarket,18,104.92,9,11.66,5.83,Garden Choice - Novena #15,Central,Novena,Blk 162 Sembawang Way #01-43,Singapore,624902,1.297214,103.820545,Open
2019-05,S016,Supermarket,10,57.3,5,11.46,5.73,Merlion Super - Changi #16,East,Changi,Blk 655 Serangoon North Ave 4 #04-29,Singapore,492077,1.360936,103.923876,Open
