Transaction ID,Order Date & Time,Sales Channel,Customer ID,Product SKU,Product Name,Quantity Sold,Unit Price (before discount),Discount Applied (absolute),Discount Applied (%),Net Sales Value,Returns/Refunds Value,Payment Method,Shipping Fee,Gross Sales,Net Sales,Campaign ID,Campaign Name,Platform,Campaign Start/End Dates,Ad Group / Creative ID,Clicks,Impressions,CTR,CPC,CPM,Conversions,Conversion Value,Ad Spend,ROI,Product Category,Packaging Size,Unit of Measure,Opening Stock,Stock In,Stock Out,Closing Stock,Stock Location,Reorder Point,Lead Time (days),COGS,Expiry Date,Waste/Expiry Quantity,Name,Email / Phone,Demographics (Age),Demographics (Gender),Location (Country),Location (City),Postal Code,Purchase Frequency,Average Order Value,Lifetime Value (LTV),First Purchase Date,Last Purchase Date,Purchase Purpose,Preferred Channel,Net Sales Revenue,COGS (per SKU, per unit),Marketing Spend Allocated,Contribution Margin
TRX0001,15/5/2024 10:30,Offline,CUST101,SKU001,Classic Roasted Almonds,2,10.5,0,0,21,0,Cash,0,21,21,CAMP001,Offline Legacy Promo,N/A,2024-05-01/2024-06-30,AD001,0,0,0,0,0,2,21,0,inf,Nuts,200g,Unit,500,0,2,498,Store A,50,7,5,15/5/2025,0,Jane Doe,jane.d@email.com,65,Female,Singapore,Singapore,123456,Frequent,10.5,52.5,10/1/2024,15/5/2024,Self-consumption,Retail,21,5,0,16,
TRX0002,15/5/2024 11:45,Shopify,CUST102,SKU002,Spicy Trail Mix,1,12.9,1.29,10,11.61,0,Credit Card,2,12.9,11.61,CAMP002,Gen Z Snack Attack,Instagram,2024-05-10/2024-06-20,AD002,1500,25000,0.06,0.1,1,1,11.61,100,0.1161,Trail Mix,250g,Unit,300,50,1,349,Warehouse A,30,5,6,1/8/2025,0,John Smith,john.s@email.com,22,Male,Singapore,Singapore,654321,New,12.9,12.9,15/5/2024,15/5/2024,Self-consumption,Shopify,11.61,6,100,-94.39,
TRX0003,15/5/2024 12:00,Lazada,CUST103,SKU003,Dried Apricots,3,8.9,0.89,10,24.03,0,Online Banking,1.5,26.7,24.03,CAMP003,Healthy Living Campaign,Facebook,2024-05-05/2024-06-15,AD003,2000,30000,0.0667,0.08,0.8,3,24.03,150,0.1602,Dried Fruit,300g,Unit,400,0,3,397,Warehouse B,40,6,4.5,20/7/2025,0,Jane Doe,jane.d@email.com,35,Female,Singapore,Singapore,456789,Occasional,8.9,35.6,20/3/2024,15/5/2024,Self-consumption,Lazada,24.03,4.5,150,-125.97,
TRX0004,15/5/2024 13:15,Offline,CUST104,SKU004,Salted Cashews,1,15,0,0,15,0,Cash,0,15,15,CAMP001,Offline Legacy Promo,N/A,2024-05-01/2024-06-30,AD001,0,0,0,0,0,1,15,0,inf,Nuts,500g,Unit,600,0,1,599,Store B,60,7,7.5,10/6/2025,0,Peter Tan,peter.t@email.com,58,Male,Singapore,Singapore,987654,Frequent,15,60,5/2/2024,15/5/2024,Self-consumption,Retail,15,7.5,0,7.5,
TRX0005,15/5/2024 14:00,Shopify,CUST105,SKU005,Baked Walnuts,2,11.9,0,0,23.8,0,Paypal,2.5,23.8,23.8,CAMP004,Healthy Snacking SEO,SEO,2024-01-01/2025-12-31,AD004,5000,100000,0.05,0,0,10,238,0,inf,Nuts,200g,Unit,500,100,2,598,Warehouse C,50,5,5.95,1/9/2025,0,Sarah Lee,sarah.l@email.com,28,Female,Singapore,Singapore,543210,New,11.9,23.8,15/5/2024,15/5/2024,Self-consumption,Shopify,23.8,5.95,0,17.85,
TRX0006,15/5/2024 14:30,Shopee,CUST106,SKU006,Honey Pecans,1,16.5,1.65,10,14.85,0,ShopeePay,1.8,16.5,14.85,CAMP005,Foodie Influencer Collab,Instagram,2024-05-12/2024-06-18,AD005,3000,45000,0.0667,0.05,0.5,5,74.25,200,0.3713,Nuts,350g,Unit,250,0,1,249,Warehouse A,25,5,8.25,20/10/2025,0,Emily Wong,emily.w@email.com,25,Female,Singapore,Singapore,321098,New,16.5,16.5,15/5/2024,15/5/2024,Self-consumption,Shopee,14.85,8.25,200,-193.4,
TRX0007,15/5/2024 15:00,Offline,CUST107,SKU007,Assorted Mixed Nuts,3,25,0,0,75,0,Cash,0,75,75,CAMP001,Offline Legacy Promo,N/A,2024-05-01/2024-06-30,AD001,0,0,0,0,0,3,75,0,inf,Trail Mix,1kg,Unit,200,0,3,197,Store C,20,7,12.5,1/6/2025,0,David Chan,david.c@email.com,55,Male,Singapore,Singapore,210987,Frequent,25,125,25/1/2024,15/5/2024,Gifting,Retail,75,12.5,0,62.5,
TRX0008,15/5/2024 15:45,Shopify,CUST108,SKU008,Roasted Pistachios,1,18.9,0,0,18.9,0,Credit Card,2,18.9,18.9,CAMP002,Gen Z Snack Attack,Instagram,2024-05-10/2024-06-20,AD002,1500,25000,0.06,0.1,1,1,18.9,100,0.189,Nuts,400g,Unit,300,0,1,299,Warehouse A,30,5,9.45,10/9/2025,0,Jessica Lim,jessica.l@email.com,23,Female,Singapore,Singapore,876543,New,18.9,9.45,100,-81.1,,,,,,,
TRX0009,15/5/2024 16:10,Lazada,CUST109,SKU009,Fruity Nut Mix,2,14.5,1.45,10,26.1,0,Online Banking,1.5,29,26.1,CAMP003,Healthy Living Campaign,Facebook,2024-05-05/2024-06-15,AD003,2000,30000,0.0667,0.08,0.8,3,26.1,150,0.174,Trail Mix,300g,Unit,200,50,2,248,Warehouse B,20,6,7.25,5/7/2025,0,Alex Chen,alex.c@email.com,30,Male,Singapore,Singapore,765432,Occasional,14.5,29,1/4/2024,15/5/2024,Self-consumption,Lazada,26.1,7.25,150,-123.9,
TRX0010,15/5/2024 17:00,Shopee,CUST110,SKU010,Crunchy Pecans,1,15.5,0,0,15.5,0,ShopeePay,1.8,15.5,15.5,CAMP005,Foodie Influencer Collab,Instagram,2024-05-12/2024-06-18,AD005,3000,45000,0.0667,0.05,0.5,5,77.5,200,0.3875,Nuts,300g,Unit,280,0,1,279,Warehouse A,28,5,7.75,20/9/2025,0,Michael Tay,michael.t@email.com,27,Male,Singapore,Singapore,109876,New,15.5,15.5,15/5/2024,15/5/2024,Self-consumption,Shopee,15.5,7.75,200,-192.25,
TRX0011,15/5/2024 17:30,Offline,CUST111,SKU001,Classic Roasted Almonds,1,10.5,0,0,10.5,0,Cash,0,10.5,10.5,CAMP001,Offline Legacy Promo,N/A,2024-05-01/2024-06-30,AD001,0,0,0,0,0,1,10.5,0,inf,Nuts,200g,Unit,498,0,1,497,Store A,50,7,5,15/5/2025,0,Mary Ang,mary.a@email.com,40,Female,Singapore,Singapore,234567,Frequent,10.5,63,15/1/2024,15/5/2024,Gifting,Retail,10.5,5,0,5.5,
TRX0012,15/5/2024 18:00,Shopify,CUST112,SKU002,Spicy Trail Mix,2,12.9,0,0,25.8,0,Credit Card,2,25.8,25.8,CAMP002,Gen Z Snack Attack,Instagram,2024-05-10/2024-06-20,AD002,1500,25000,0.06,0.1,1,1,25.8,100,0.258,Trail Mix,250g,Unit,349,0,2,347,Warehouse A,30,5,6,1/8/2025,0,James Tan,james.t@email.com,20,Male,Singapore,Singapore,789012,New,12.9,25.8,15/5/2024,15/5/2024,Self-consumption,Shopify,25.8,6,100,-80.2,
TRX0013,15/5/2024 18:45,Lazada,CUST113,SKU003,Dried Apricots,1,8.9,0,0,8.9,0,Online Banking,1.5,8.9,8.9,CAMP003,Healthy Living Campaign,Facebook,2024-05-05/2024-06-15,AD003,2000,30000,0.0667,0.08,0.8,3,8.9,150,0.0593,Dried Fruit,300g,Unit,397,0,1,396,Warehouse B,40,6,4.5,20/7/2025,0,Susan Lim,susan.l@email.com,45,Female,Singapore,Singapore,901234,Occasional,8.9,17.8,25/3/2024,15/5/2024,Self-consumption,Lazada,8.9,4.5,150,-145.6,
TRX0014,15/5/2024 19:00,Shopee,CUST114,SKU004,Salted Cashews,1,15,0,0,15,0,ShopeePay,1.8,15,15,CAMP005,Foodie Influencer Collab,Instagram,2024-05-12/2024-06-18,AD005,3000,45000,0.0667,0.05,0.5,5,75,200,0.375,Nuts,500g,Unit,599,0,1,598,Warehouse A,60,7,7.5,10/6/2025,0,Robert Soh,robert.s@email.com,30,Male,Singapore,Singapore,567890,New,15,15,15/5/2024,15/5/2024,Self-consumption,Shopee,15,7.5,200,-192.5,
TRX0015,15/5/2024 19:30,Shopify,CUST115,SKU005,Baked Walnuts,1,11.9,0,0,11.9,0,Paypal,2.5,11.9,11.9,CAMP004,Healthy Snacking SEO,SEO,2024-01-01/2025-12-31,AD004,5000,100000,0.05,0,0,10,119,0,inf,Nuts,200g,Unit,598,0,1,597,Warehouse C,50,5,5.95,1/9/2025,0,Amy Chen,amy.c@email.com,25,Female,Singapore,Singapore,345678,New,11.9,11.9,15/5/2024,15/5/2024,Self-consumption,Shopify,11.9,5.95,0,5.95,
TRX0016,15/5/2024 20:00,Offline,CUST116,SKU006,Honey Pecans,2,16.5,0,0,33,0,Cash,0,33,33,CAMP001,Offline Legacy Promo,N/A,2024-05-01/2024-06-30,AD001,0,0,0,0,0,2,33,0,inf,Nuts,350g,Unit,249,0,2,247,Store A,25,5,8.25,20/10/2025,0,Alex Ong,alex.o@email.com,60,Male,Singapore,Singapore,876543,Frequent,16.5,49.5,18/2/2024,15/5/2024,Self-consumption,Retail,33,8.25,0,24.75,
TRX0017,15/5/2024 20:30,Shopee,CUST117,SKU007,Assorted Mixed Nuts,1,25,0,0,25,0,ShopeePay,1.8,25,25,CAMP005,Foodie Influencer Collab,Instagram,2024-05-12/2024-06-18,AD005,3000,45000,0.0667,0.05,0.5,5,125,200,0.625,Trail Mix,1kg,Unit,197,0,1,196,Warehouse A,20,7,12.5,1/6/2025,0,Wei Li,wei.l@email.com,28,Female,Singapore,Singapore,987654,New,25,25,15/5/2024,15/5/2024,Self-consumption,Shopee,25,12.5,200,-187.5,
TRX0018,15/5/2024 21:00,Lazada,CUST118,SKU008,Roasted Pistachios,2,18.9,1.89,10,34.02,0,Online Banking,1.5,37.8,34.02,CAMP003,Healthy Living Campaign,Facebook,2024-05-05/2024-06-15,AD003,2000,30000,0.0667,0.08,0.8,3,34.02,150,0.2268,Nuts,400g,Unit,299,0,2,297,Warehouse B,30,5,9.45,10/9/2025,0,Mark Ho,mark.h@email.com,38,Male,Singapore,Singapore,876543,Occasional,18.9,37.8,10/4/2024,15/5/2024,Self-consumption,Lazada,34.02,9.45,150,-125.98,
TRX0019,15/5/2024 21:30,Shopify,CUST119,SKU009,Fruity Nut Mix,1,14.5,0,0,14.5,0,Credit Card,2,14.5,14.5,CAMP002,Gen Z Snack Attack,Instagram,2024-05-10/2024-06-20,AD002,1500,25000,0.06,0.1,1,1,14.5,100,0.145,Trail Mix,300g,Unit,248,0,1,247,Warehouse A,20,6,7.25,5/7/2025,0,Yong Jie,yong.j@email.com,20,Male,Singapore,Singapore,765432,New,14.5,14.5,15/5/2024,15/5/2024,Self-consumption,Shopify,14.5,7.25,100,-92.75,
TRX0020,15/5/2024 22:00,Offline,CUST120,SKU010,Crunchy Pecans,3,15.5,0,0,46.5,0,Cash,0,46.5,46.5,CAMP001,Offline Legacy Promo,N/A,2024-05-01/2024-06-30,AD001,0,0,0,0,0,3,46.5,0,inf,Nuts,300g,Unit,279,0,3,276,Store B,28,5,7.75,20/9/2025,0,Eliza Tan,eliza.t@email.com,52,Female,Singapore,Singapore,654321,Frequent,15.5,62,1/3/2024,15/5/2024,Gifting,Retail,46.5,7.75,0,38.75,
TRX0021,16/5/2024 9:00,Shopee,CUST121,SKU001,Classic Roasted Almonds,1,10.5,0,0,10.5,0,ShopeePay,1.8,10.5,10.5,CAMP005,Foodie Influencer Collab,Instagram,2024-05-12/2024-06-18,AD005,3000,45000,0.0667,0.05,0.5,5,52.5,200,0.2625,Nuts,200g,Unit,497,0,1,496,Warehouse A,50,7,5,15/5/2025,0,Hui Ling,hui.l@email.com,24,Female,Singapore,Singapore,543210,New,10.5,10.5,16/5/2024,16/5/2024,Self-consumption,Shopee,10.5,5,200,-194.5,
TRX0022,16/5/2024 9:30,Shopify,CUST122,SKU002,Spicy Trail Mix,1,12.9,0,0,12.9,0,Paypal,2.5,12.9,12.9,CAMP004,Healthy Snacking SEO,SEO,2024-01-01/2025-12-31,AD004,5000,100000,0.05,0,0,10,129,0,inf,Trail Mix,250g,Unit,347,0,1,346,Warehouse C,30,5,6,1/8/2025,0,Daniel Wong,daniel.w@email.com,30,Male,Singapore,Singapore,432109,New,12.9,12.9,16/5/2024,16/5/2024,Self-consumption,Shopify,12.9,6,0,6.9,
TRX0023,16/5/2024 10:00,Offline,CUST123,SKU003,Dried Apricots,2,8.9,0,0,17.8,0,Cash,0,17.8,17.8,CAMP001,Offline Legacy Promo,N/A,2024-05-01/2024-06-30,AD001,0,0,0,0,0,2,17.8,0,inf,Dried Fruit,300g,Unit,396,0,2,394,Store A,40,6,4.5,20/7/2025,0,Siti bte Yusof,siti.y@email.com,48,Female,Singapore,Singapore,321098,Frequent,8.9,26.7,20/4/2024,16/5/2024,Self-consumption,Retail,17.8,4.5,0,13.3,
TRX0024,16/5/2024 10:45,Lazada,CUST124,SKU004,Salted Cashews,1,15,0,0,15,0,Online Banking,1.5,15,15,CAMP003,Healthy Living Campaign,Facebook,2024-05-05/2024-06-15,AD003,2000,30000,0.0667,0.08,0.8,3,15,150,0.1,Nuts,500g,Unit,598,0,1,597,Warehouse B,60,7,7.5,10/6/2025,0,Benny Goh,benny.g@email.com,33,Male,Singapore,Singapore,210987,Occasional,15,30,5/3/2024,16/5/2024,Self-consumption,Lazada,15,7.5,150,-142.5,
TRX0025,16/5/2024 11:30,Shopify,CUST125,SKU005,Baked Walnuts,1,11.9,0,0,11.9,0,Credit Card,2.5,11.9,11.9,CAMP002,Gen Z Snack Attack,Instagram,2024-05-10/2024-06-20,AD002,1500,25000,0.06,0.1,1,1,11.9,100,0.119,Nuts,200g,Unit,597,0,1,596,Warehouse A,50,5,5.95,1/9/2025,0,Rachel Tan,rachel.t@email.com,21,Female,Singapore,Singapore,109876,New,11.9,11.9,16/5/2024,16/5/2024,Self-consumption,Shopify,11.9,5.95,100,-94.05,
TRX0026,16/5/2024 12:00,Shopee,CUST126,SKU006,Honey Pecans,1,16.5,0,0,16.5,0,ShopeePay,1.8,16.5,16.5,CAMP005,Foodie Influencer Collab,Instagram,2024-05-12/2024-06-18,AD005,3000,45000,0.0667,0.05,0.5,5,82.5,200,0.4125,Nuts,350g,Unit,247,0,1,246,Warehouse A,25,5,8.25,20/10/2025,0,Zac Lee,zac.l@email.com,26,Male,Singapore,Singapore,987654,New,16.5,16.5,16/5/2024,16/5/2024,Self-consumption,Shopee,16.5,8.25,200,-191.75,
TRX0027,16/5/2024 12:45,Offline,CUST127,SKU007,Assorted Mixed Nuts,2,25,0,0,50,0,Cash,0,50,50,CAMP001,Offline Legacy Promo,N/A,2024-05-01/2024-06-30,AD001,0,0,0,0,0,2,50,0,inf,Trail Mix,1kg,Unit,196,0,2,194,Store B,20,7,12.5,1/6/2025,0,Chloe Tan,chloe.t@email.com,50,Female,Singapore,Singapore,876543,Frequent,25,75,12/3/2024,16/5/2024,Gifting,Retail,50,12.5,0,37.5,
TRX0028,16/5/2024 13:30,Shopify,CUST128,SKU008,Roasted Pistachios,1,18.9,0,0,18.9,0,Credit Card,2.5,18.9,18.9,CAMP004,Healthy Snacking SEO,SEO,2024-01-01/2025-12-31,AD004,5000,100000,0.05,0,0,10,189,0,inf,Nuts,400g,Unit,297,0,1,296,Warehouse C,30,5,9.45,10/9/2025,0,Kenji Sato,kenji.s@email.com,30,Male,Singapore,Singapore,765432,New,18.9,18.9,16/5/2024,16/5/2024,Self-consumption,Shopify,18.9,9.45,0,9.45,
TRX0029,16/5/2024 14:00,Lazada,CUST129,SKU009,Fruity Nut Mix,1,14.5,0,0,14.5,0,Online Banking,1.5,14.5,14.5,CAMP003,Healthy Living Campaign,Facebook,2024-05-05/2024-06-15,AD003,2000,30000,0.0667,0.08,0.8,3,14.5,150,0.0967,Trail Mix,300g,Unit,247,0,1,246,Warehouse B,20,6,7.25,5/7/2025,0,Sarah Ng,sarah.n@email.com,42,Female,Singapore,Singapore,654321,Occasional,14.5,29,28/2/2024,16/5/2024,Self-consumption,Lazada,14.5,7.25,150,-142.75,
TRX0030,16/5/2024 14:30,Shopee,CUST130,SKU010,Crunchy Pecans,2,15.5,0,0,31,0,ShopeePay,1.8,31,31,CAMP005,Foodie Influencer Collab,Instagram,2024-05-12/2024-06-18,AD005,3000,45000,0.0667,0.05,0.5,5,155,200,0.775,Nuts,300g,Unit,276,0,2,274,Warehouse A,28,5,7.75,20/9/2025,0,Jason Lim,jason.l@email.com,29,Male,Singapore,Singapore,543210,New,15.5,31,16/5/2024,16/5/2024,Self-consumption,Shopee,31,7.75,200,-169,
TRX0031,16/5/2024 15:00,Offline,CUST131,SKU001,Classic Roasted Almonds,1,10.5,0,0,10.5,0,Cash,0,10.5,10.5,CAMP001,Offline Legacy Promo,N/A,2024-05-01/2024-06-30,AD001,0,0,0,0,0,1,10.5,0,inf,Nuts,200g,Unit,496,0,1,495,Store C,50,7,5,15/5/2025,0,Lim Wei,lim.w@email.com,55,Male,Singapore,Singapore,432109,Frequent,10.5,31.5,20/1/2024,16/5/2024,Self-consumption,Retail,10.5,5,0,5.5,
TRX0032,16/5/2024 15:30,Shopify,CUST132,SKU002,Spicy Trail Mix,1,12.9,0,0,12.9,0,Credit Card,2.5,12.9,12.9,CAMP002,Gen Z Snack Attack,Instagram,2024-05-10/2024-06-20,AD002,1500,25000,0.06,0.1,1,1,12.9,100,0.129,Trail Mix,250g,Unit,346,0,1,345,Warehouse A,30,5,6,1/8/2025,0,Michelle Koh,michelle.k@email.com,23,Female,Singapore,Singapore,321098,New,12.9,12.9,16/5/2024,16/5/2024,Self-consumption,Shopify,12.9,6,100,-93.1,
TRX0033,16/5/2024 16:00,Lazada,CUST133,SKU003,Dried Apricots,1,8.9,0,0,8.9,0,Online Banking,1.5,8.9,8.9,CAMP003,Healthy Living Campaign,Facebook,2024-05-05/2024-06-15,AD003,2000,30000,0.0667,0.08,0.8,3,8.9,150,0.0593,Dried Fruit,300g,Unit,394,0,1,393,Warehouse B,40,6,4.5,20/7/2025,0,Wei Jie,wei.j@email.com,37,Male,Singapore,Singapore,210987,Occasional,8.9,8.9,16/5/2024,16/5/2024,Self-consumption,Lazada,8.9,4.5,150,-145.6,
TRX0034,16/5/2024 16:30,Offline,CUST134,SKU004,Salted Cashews,2,15,0,0,30,0,Cash,0,30,30,CAMP001,Offline Legacy Promo,N/A,2024-05-01/2024-06-30,AD001,0,0,0,0,0,2,30,0,inf,Nuts,500g,Unit,597,0,2,595,Store A,60,7,7.5,10/6/2025,0,Evelyn Tay,evelyn.t@email.com,62,Female,Singapore,Singapore,109876,Frequent,15,45,25/2/2024,16/5/2024,Gifting,Retail,30,7.5,0,22.5,
TRX0035,16/5/2024 17:00,Shopify,CUST135,SKU005,Baked Walnuts,1,11.9,0,0,11.9,0,Credit Card,2.5,11.9,11.9,CAMP002,Gen Z Snack Attack,Instagram,2024-05-10/2024-06-20,AD002,1500,25000,0.06,0.1,1,1,11.9,100,0.119,Nuts,200g,Unit,596,0,1,595,Warehouse A,50,5,5.95,1/9/2025,0,Chris Lim,chris.l@email.com,26,Male,Singapore,Singapore,987654,New,11.9,11.9,16/5/2024,16/5/2024,Self-consumption,Shopify,11.9,5.95,100,-94.05,
TRX0036,16/5/2024 17:30,Shopee,CUST136,SKU006,Honey Pecans,1,16.5,0,0,16.5,0,ShopeePay,1.8,16.5,16.5,CAMP005,Foodie Influencer Collab,Instagram,2024-05-12/2024-06-18,AD005,3000,45000,0.0667,0.05,0.5,5,82.5,200,0.4125,Nuts,350g,Unit,246,0,1,245,Warehouse A,25,5,8.25,20/10/2025,0,Rachel Wong,rachel.w@email.com,21,Female,Singapore,Singapore,876543,New,16.5,16.5,16/5/2024,16/5/2024,Self-consumption,Shopee,16.5,8.25,200,-191.75,
TRX0037,16/5/2024 18:00,Lazada,CUST137,SKU007,Assorted Mixed Nuts,1,25,0,0,25,0,Online Banking,1.5,25,25,CAMP003,Healthy Living Campaign,Facebook,2024-05-05/2024-06-15,AD003,2000,30000,0.0667,0.08,0.8,3,25,150,0.1667,Trail Mix,1kg,Unit,194,0,1,193,Warehouse B,20,7,12.5,1/6/2025,0,Kenneth Lee,kenneth.l@email.com,35,Male,Singapore,Singapore,765432,Occasional,25,50,22/3/2024,16/5/2024,Self-consumption,Lazada,25,12.5,150,-137.5,
TRX0038,16/5/2024 18:30,Shopify,CUST138,SKU008,Roasted Pistachios,1,18.9,0,0,18.9,0,Credit Card,2.5,18.9,18.9,CAMP004,Healthy Snacking SEO,SEO,2024-01-01/2025-12-31,AD004,5000,100000,0.05,0,0,10,189,0,inf,Nuts,400g,Unit,296,0,1,295,Warehouse C,30,5,9.45,10/9/2025,0,Grace Tan,grace.t@email.com,40,Female,Singapore,Singapore,654321,New,18.9,18.9,16/5/2024,16/5/2024,Self-consumption,Shopify,18.9,9.45,0,9.45,
TRX0039,16/5/2024 19:00,Offline,CUST139,SKU009,Fruity Nut Mix,2,14.5,0,0,29,0,Cash,0,29,29,CAMP001,Offline Legacy Promo,N/A,2024-05-01/2024-06-30,AD001,0,0,0,0,0,2,29,0,inf,Trail Mix,300g,Unit,246,0,2,244,Store A,20,6,7.25,5/7/2025,0,Paul Lim,paul.l@email.com,58,Male,Singapore,Singapore,543210,Frequent,14.5,43.5,10/3/2024,16/5/2024,Self-consumption,Retail,29,7.25,0,21.75,
TRX0040,16/5/2024 19:30,Shopee,CUST140,SKU010,Crunchy Pecans,1,15.5,0,0,15.5,0,ShopeePay,1.8,15.5,15.5,CAMP005,Foodie Influencer Collab,Instagram,2024-05-12/2024-06-18,AD005,3000,45000,0.0667,0.05,0.5,5,77.5,200,0.3875,Nuts,300g,Unit,274,0,1,273,Warehouse A,28,5,7.75,20/9/2025,0,Joyce Tay,joyce.t@email.com,25,Female,Singapore,Singapore,432109,New,15.5,15.5,16/5/2024,16/5/2024,Self-consumption,Shopee,15.5,7.75,200,-192.25,
TRX0041,16/5/2024 20:00,Lazada,CUST141,SKU001,Classic Roasted Almonds,2,10.5,1.05,10,18.9,0,Online Banking,1.5,21,18.9,CAMP003,Healthy Living Campaign,Facebook,2024-05-05/2024-06-15,AD003,2000,30000,0.0667,0.08,0.8,3,18.9,150,0.126,Nuts,200g,Unit,495,0,2,493,Warehouse B,50,7,5,15/5/2025,0,Suresh Kumar,suresh.k@email.com,38,Male,Singapore,Singapore,321098,Occasional,10.5,31.5,15/4/2024,16/5/2024,Self-consumption,Lazada,18.9,5,150,-131.1,
TRX0042,16/5/2024 20:30,Shopify,CUST142,SKU002,Spicy Trail Mix,1,12.9,0,0,12.9,0,Paypal,2.5,12.9,12.9,CAMP004,Healthy Snacking SEO,SEO,2024-01-01/2025-12-31,AD004,5000,100000,0.05,0,0,10,129,0,inf,Trail Mix,250g,Unit,345,0,1,344,Warehouse C,30,5,6,1/8/2025,0,Fiona Seow,fiona.s@email.com,32,Female,Singapore,Singapore,210987,New,12.9,12.9,16/5/2024,16/5/2024,Self-consumption,Shopify,12.9,6,0,6.9,
TRX0043,16/5/2024 21:00,Shopee,CUST143,SKU003,Dried Apricots,1,8.9,0,0,8.9,0,ShopeePay,1.8,8.9,8.9,CAMP005,Foodie Influencer Collab,Instagram,2024-05-12/2024-06-18,AD005,3000,45000,0.0667,0.05,0.5,5,44.5,200,0.2225,Dried Fruit,300g,Unit,393,0,1,392,Warehouse A,40,6,4.5,20/7/2025,0,Benjamin Lee,benjamin.l@email.com,27,Male,Singapore,Singapore,109876,New,8.9,8.9,16/5/2024,16/5/2024,Self-consumption,Shopee,8.9,4.5,200,-195.6,
TRX0044,16/5/2024 21:30,Offline,CUST144,SKU004,Salted Cashews,1,15,0,0,15,0,Cash,0,15,15,CAMP001,Offline Legacy Promo,N/A,2024-05-01/2024-06-30,AD001,0,0,0,0,0,1,15,0,inf,Nuts,500g,Unit,595,0,1,594,Store B,60,7,7.5,10/6/2025,0,Jessica Ho,jessica.h@email.com,45,Female,Singapore,Singapore,987654,Frequent,15,45,5/4/2024,16/5/2024,Self-consumption,Retail,15,7.5,0,7.5,
TRX0045,16/5/2024 22:00,Shopify,CUST145,SKU005,Baked Walnuts,2,11.9,0,0,23.8,0,Credit Card,2.5,23.8,23.8,CAMP002,Gen Z Snack Attack,Instagram,2024-05-10/2024-06-20,AD002,1500,25000,0.06,0.1,1,1,23.8,100,0.238,Nuts,200g,Unit,595,0,2,593,Warehouse A,50,5,5.95,1/9/2025,0,Thomas Lim,thomas.l@email.com,24,Male,Singapore,Singapore,876543,New,11.9,23.8,16/5/2024,16/5/2024,Self-consumption,Shopify,23.8,5.95,100,-82.2,
TRX0046,17/5/2024 9:00,Shopee,CUST146,SKU006,Honey Pecans,1,16.5,0,0,16.5,0,ShopeePay,1.8,16.5,16.5,CAMP005,Foodie Influencer Collab,Instagram,2024-05-12/2024-06-18,AD005,3000,45000,0.0667,0.05,0.5,5,82.5,200,0.4125,Nuts,350g,Unit,245,0,1,244,Warehouse A,25,5,8.25,20/10/2025,0,Cindy Ong,cindy.o@email.com,22,Female,Singapore,Singapore,765432,New,16.5,16.5,17/5/2024,17/5/2024,Self-consumption,Shopee,16.5,8.25,200,-191.75,
TRX0047,17/5/2024 9:30,Offline,CUST147,SKU007,Assorted Mixed Nuts,1,25,0,0,25,0,Cash,0,25,25,CAMP001,Offline Legacy Promo,N/A,2024-05-01/2024-06-30,AD001,0,0,0,0,0,1,25,0,inf,Trail Mix,1kg,Unit,193,0,1,192,Store C,20,7,12.5,1/6/2025,0,Jeffrey Ng,jeffrey.n@email.com,60,Male,Singapore,Singapore,654321,Frequent,25,50,28/1/2024,17/5/2024,Gifting,Retail,25,12.5,0,12.5,
TRX0048,17/5/2024 10:00,Shopify,CUST148,SKU008,Roasted Pistachios,2,18.9,0,0,37.8,0,Paypal,2.5,37.8,37.8,CAMP004,Healthy Snacking SEO,SEO,2024-01-01/2025-12-31,AD004,5000,100000,0.05,0,0,10,378,0,inf,Nuts,400g,Unit,295,0,2,293,Warehouse C,30,5,9.45,10/9/2025,0,Michelle Chen,michelle.c@email.com,35,Female,Singapore,Singapore,543210,New,18.9,37.8,17/5/2024,17/5/2024,Self-consumption,Shopify,37.8,9.45,0,28.35,
TRX0049,17/5/2024 10:30,Lazada,CUST149,SKU009,Fruity Nut Mix,1,14.5,0,0,14.5,0,Online Banking,1.5,14.5,14.5,CAMP003,Healthy Living Campaign,Facebook,2024-05-05/2024-06-15,AD003,2000,30000,0.0667,0.08,0.8,3,14.5,150,0.0967,Trail Mix,300g,Unit,244,0,1,243,Warehouse B,20,6,7.25,5/7/2025,0,Andy Tan,andy.t@email.com,40,Male,Singapore,Singapore,432109,Occasional,14.5,29,25/4/2024,17/5/2024,Self-consumption,Lazada,14.5,7.25,150,-142.75,
TRX0050,17/5/2024 11:00,Shopee,CUST150,SKU010,Crunchy Pecans,1,15.5,0,0,15.5,0,ShopeePay,1.8,15.5,15.5,CAMP005,Foodie Influencer Collab,Instagram,2024-05-12/2024-06-18,AD005,3000,45000,0.0667,0.05,0.5,5,77.5,200,0.3875,Nuts,300g,Unit,273,0,1,272,Warehouse A,28,5,7.75,20/9/2025,0,Samantha Koh,samantha.k@email.com,23,Female,Singapore,Singapore,321098,New,15.5,15.5,17/5/2024,17/5/2024,Self-consumption,Shopee,15.5,7.75,200,-192.25,
TRX0051,17/5/2024 11:30,Offline,CUST151,SKU001,Classic Roasted Almonds,2,10.5,0,0,21,0,Cash,0,21,21,CAMP001,Offline Legacy Promo,N/A,2024-05-01/2024-06-30,AD001,0,0,0,0,0,2,21,0,inf,Nuts,200g,Unit,493,0,2,491,Store A,50,7,5,15/5/2025,0,Michael Tan,michael.t@email.com,60,Male,Singapore,Singapore,210987,Frequent,10.5,42,14/2/2024,17/5/2024,Gifting,Retail,21,5,0,16,
TRX0052,17/5/2024 12:00,Shopify,CUST152,SKU002,Spicy Trail Mix,1,12.9,0,0,12.9,0,Credit Card,2.5,12.9,12.9,CAMP002,Gen Z Snack Attack,Instagram,2024-05-10/2024-06-20,AD002,1500,25000,0.06,0.1,1,1,12.9,100,0.129,Trail Mix,250g,Unit,344,0,1,343,Warehouse A,30,5,6,1/8/2025,0,Evelyn Wong,evelyn.w@email.com,20,Female,Singapore,Singapore,109876,New,12.9,12.9,17/5/2024,17/5/2024,Self-consumption,Shopify,12.9,6,100,-93.1,
TRX0053,17/5/2024 12:30,Lazada,CUST153,SKU003,Dried Apricots,3,8.9,0.89,10,24.03,0,Online Banking,1.5,26.7,24.03,CAMP003,Healthy Living Campaign,Facebook,2024-05-05/2024-06-15,AD003,2000,30000,0.0667,0.08,0.8,3,24.03,150,0.1602,Dried Fruit,300g,Unit,392,0,3,389,Warehouse B,40,6,4.5,20/7/2025,0,Alex Ang,alex.a@email.com,30,Male,Singapore,Singapore,987654,Occasional,8.9,35.6,25/3/2024,17/5/2024,Self-consumption,Lazada,24.03,4.5,150,-125.97,
TRX0054,17/5/2024 13:00,Shopee,CUST154,SKU004,Salted Cashews,1,15,0,0,15,0,ShopeePay,1.8,15,15,CAMP005,Foodie Influencer Collab,Instagram,2024-05-12/2024-06-18,AD005,3000,45000,0.0667,0.05,0.5,5,75,200,0.375,Nuts,500g,Unit,594,0,1,593,Warehouse A,60,7,7.5,10/6/2025,0,Sarah Ong,sarah.o@email.com,28,Female,Singapore,Singapore,876543,New,15,15,17/5/2024,17/5/2024,Self-consumption,Shopee,15,7.5,200,-192.5,
TRX0055,17/5/2024 13:30,Offline,CUST155,SKU005,Baked Walnuts,1,11.9,0,0,11.9,0,Cash,0,11.9,11.9,CAMP001,Offline Legacy Promo,N/A,2024-05-01/2024-06-30,AD001,0,0,0,0,0,1,11.9,0,inf,Nuts,200g,Unit,593,0,1,592,Store A,50,5,5.95,1/9/2025,0,Peter Lee,peter.l@email.com,45,Male,Singapore,Singapore,765432,Frequent,11.9,35.7,8/3/2024,17/5/2024,Self-consumption,Retail,11.9,5.95,0,5.95,
TRX0056,17/5/2024 14:00,Shopify,CUST156,SKU006,Honey Pecans,1,16.5,0,0,16.5,0,Paypal,2.5,16.5,16.5,CAMP004,Healthy Snacking SEO,SEO,2024-01-01/2025-12-31,AD004,5000,100000,0.05,0,0,10,165,0,inf,Nuts,350g,Unit,244,0,1,243,Warehouse C,25,5,8.25,20/10/2025,0,David Chan,david.c@email.com,30,Male,Singapore,Singapore,654321,New,16.5,16.5,17/5/2024,17/5/2024,Self-consumption,Shopify,16.5,8.25,0,8.25,
TRX0057,17/5/2024 14:30,Shopee,CUST157,SKU007,Assorted Mixed Nuts,1,25,0,0,25,0,ShopeePay,1.8,25,25,CAMP005,Foodie Influencer Collab,Instagram,2024-05-12/2024-06-18,AD005,3000,45000,0.0667,0.05,0.5,5,125,200,0.625,Trail Mix,1kg,Unit,192,0,1,191,Warehouse A,20,7,12.5,1/6/2025,0,Kelly Ang,kelly.a@email.com,25,Female,Singapore,Singapore,543210,New,25,25,17/5/2024,17/5/2024,Self-consumption,Shopee,25,12.5,200,-187.5,
TRX0058,17/5/2024 15:00,Lazada,CUST158,SKU008,Roasted Pistachios,1,18.9,0,0,18.9,0,Online Banking,1.5,18.9,18.9,CAMP003,Healthy Living Campaign,Facebook,2024-05-05/2024-06-15,AD003,2000,30000,0.0667,0.08,0.8,3,18.9,150,0.126,Nuts,400g,Unit,293,0,1,292,Warehouse B,30,5,9.45,10/9/2025,0,Chris Tan,chris.t@email.com,40,Male,Singapore,Singapore,432109,Occasional,18.9,37.8,1/4/2024,17/5/2024,Self-consumption,Lazada,18.9,9.45,150,-131.1,
TRX0059,17/5/2024 15:30,Shopify,CUST159,SKU009,Fruity Nut Mix,1,14.5,0,0,14.5,0,Credit Card,2.5,14.5,14.5,CAMP002,Gen Z Snack Attack,Instagram,2024-05-10/2024-06-20,AD002,1500,25000,0.06,0.1,1,1,14.5,100,0.145,Trail Mix,300g,Unit,243,0,1,242,Warehouse A,20,6,7.25,5/7/2025,0,Lim Wei,lim.w@email.com,22,Male,Singapore,Singapore,321098,New,14.5,14.5,17/5/2024,17/5/2024,Self-consumption,Shopify,14.5,7.25,100,-92.75,
TRX0060,17/5/2024 16:00,Offline,CUST160,SKU010,Crunchy Pecans,2,15.5,0,0,31,0,Cash,0,31,31,CAMP001,Offline Legacy Promo,N/A,2024-05-01/2024-06-30,AD001,0,0,0,0,0,2,31,0,inf,Nuts,300g,Unit,272,0,2,270,Store B,28,5,7.75,20/9/2025,0,Susan Ho,susan.h@email.com,58,Female,Singapore,Singapore,210987,Frequent,15.5,46.5,20/3/2024,17/5/2024,Gifting,Retail,31,7.75,0,23.25,
TRX0061,17/5/2024 16:30,Shopee,CUST161,SKU001,Classic Roasted Almonds,1,10.5,0,0,10.5,0,ShopeePay,1.8,10.5,10.5,CAMP005,Foodie Influencer Collab,Instagram,2024-05-12/2024-06-18,AD005,3000,45000,0.0667,0.05,0.5,5,52.5,200,0.2625,Nuts,200g,Unit,491,0,1,490,Warehouse A,50,7,5,15/5/2025,0,Aaron Tan,aaron.t@email.com,29,Male,Singapore,Singapore,109876,New,10.5,10.5,17/5/2024,17/5/2024,Self-consumption,Shopee,10.5,5,200,-194.5,
TRX0062,17/5/2024 17:00,Shopify,CUST162,SKU002,Spicy Trail Mix,2,12.9,0,0,25.8,0,Paypal,2.5,25.8,25.8,CAMP004,Healthy Snacking SEO,SEO,2024-01-01/2025-12-31,AD004,5000,100000,0.05,0,0,10,258,0,inf,Trail Mix,250g,Unit,343,0,2,341,Warehouse C,30,5,6,1/8/2025,0,Karen Lim,karen.l@email.com,30,Female,Singapore,Singapore,987654,New,12.9,25.8,17/5/2024,17/5/2024,Self-consumption,Shopify,25.8,6,0,19.8,
TRX0063,17/5/2024 17:30,Lazada,CUST163,SKU003,Dried Apricots,1,8.9,0,0,8.9,0,Online Banking,1.5,8.9,8.9,CAMP003,Healthy Living Campaign,Facebook,2024-05-05/2024-06-15,AD003,2000,30000,0.0667,0.08,0.8,3,8.9,150,0.0593,Dried Fruit,300g,Unit,389,0,1,388,Warehouse B,40,6,4.5,20/7/2025,0,John Goh,john.g@email.com,45,Male,Singapore,Singapore,876543,Occasional,8.9,17.8,12/4/2024,17/5/2024,Self-consumption,Lazada,8.9,4.5,150,-145.6,
TRX0064,17/5/2024 18:00,Offline,CUST164,SKU004,Salted Cashews,1,15,0,0,15,0,Cash,0,15,15,CAMP001,Offline Legacy Promo,N/A,2024-05-01/2024-06-30,AD001,0,0,0,0,0,1,15,0,inf,Nuts,500g,Unit,593,0,1,592,Store C,60,7,7.5,10/6/2025,0,Lee Xin Yi,lee.x@email.com,50,Female,Singapore,Singapore,765432,Frequent,15,30,29/2/2024,17/5/2024,Self-consumption,Retail,15,7.5,0,7.5,
TRX0065,17/5/2024 18:30,Shopify,CUST165,SKU005,Baked Walnuts,1,11.9,0,0,11.9,0,Credit Card,2.5,11.9,11.9,CAMP002,Gen Z Snack Attack,Instagram,2024-05-10/2024-06-20,AD002,1500,25000,0.06,0.1,1,1,11.9,100,0.119,Nuts,200g,Unit,592,0,1,591,Warehouse A,50,5,5.95,1/9/2025,0,Bryan Tan,bryan.t@email.com,23,Male,Singapore,Singapore,654321,New,11.9,11.9,17/5/2024,17/5/2024,Self-consumption,Shopify,11.9,5.95,100,-94.05,
TRX0066,17/5/2024 19:00,Shopee,CUST166,SKU006,Honey Pecans,1,16.5,0,0,16.5,0,ShopeePay,1.8,16.5,16.5,CAMP005,Foodie Influencer Collab,Instagram,2024-05-12/2024-06-18,AD005,3000,45000,0.0667,0.05,0.5,5,82.5,200,0.4125,Nuts,350g,Unit,243,0,1,242,Warehouse A,25,5,8.25,20/10/2025,0,Jane Fong,jane.f@email.com,27,Female,Singapore,Singapore,543210,New,16.5,16.5,17/5/2024,17/5/2024,Self-consumption,Shopee,16.5,8.25,200,-191.75,
TRX0067,17/5/2024 19:30,Lazada,CUST167,SKU007,Assorted Mixed Nuts,1,25,0,0,25,0,Online Banking,1.5,25,25,CAMP003,Healthy Living Campaign,Facebook,2024-05-05/2024-06-15,AD003,2000,30000,0.0667,0.08,0.8,3,25,150,0.1667,Trail Mix,1kg,Unit,191,0,1,190,Warehouse B,20,7,12.5,1/6/2025,0,Samuel Yeo,samuel.y@email.com,40,Male,Singapore,Singapore,432109,Occasional,25,50,28/3/2024,17/5/2024,Self-consumption,Lazada,25,12.5,150,-137.5,
TRX0068,17/5/2024 20:00,Shopify,CUST168,SKU008,Roasted Pistachios,1,18.9,0,0,18.9,0,Paypal,2.5,18.9,18.9,CAMP004,Healthy Snacking SEO,SEO,2024-01-01/2025-12-31,AD004,5000,100000,0.05,0,0,10,189,0,inf,Nuts,400g,Unit,292,0,1,291,Warehouse C,30,5,9.45,10/9/2025,0,Sarah Koh,sarah.k@email.com,35,Female,Singapore,Singapore,321098,New,18.9,18.9,17/5/2024,17/5/2024,Self-consumption,Shopify,18.9,9.45,0,9.45,
TRX0069,17/5/2024 20:30,Shopee,CUST169,SKU009,Fruity Nut Mix,1,14.5,0,0,14.5,0,ShopeePay,1.8,14.5,14.5,CAMP005,Foodie Influencer Collab,Instagram,2024-05-12/2024-06-18,AD005,3000,45000,0.0667,0.05,0.5,5,72.5,200,0.3625,Trail Mix,300g,Unit,242,0,1,241,Warehouse A,20,6,7.25,5/7/2025,0,Michael Tan,michael.t@email.com,20,Male,Singapore,Singapore,210987,New,14.5,14.5,17/5/2024,17/5/2024,Self-consumption,Shopee,14.5,7.25,200,-192.75,
TRX0070,17/5/2024 21:00,Offline,CUST170,SKU010,Crunchy Pecans,1,15.5,0,0,15.5,0,Cash,0,15.5,15.5,CAMP001,Offline Legacy Promo,N/A,2024-05-01/2024-06-30,AD001,0,0,0,0,0,1,15.5,0,inf,Nuts,300g,Unit,270,0,1,269,Store B,28,5,7.75,20/9/2025,0,Chloe Lim,chloe.l@email.com,55,Female,Singapore,Singapore,109876,Frequent,15.5,31,1/4/2024,17/5/2024,Gifting,Retail,15.5,7.75,0,7.75,
TRX0071,17/5/2024 21:30,Lazada,CUST171,SKU001,Classic Roasted Almonds,2,10.5,1.05,10,18.9,0,Online Banking,1.5,21,18.9,CAMP003,Healthy Living Campaign,Facebook,2024-05-05/2024-06-15,AD003,2000,30000,0.0667,0.08,0.8,3,18.9,150,0.126,Nuts,200g,Unit,490,0,2,488,Warehouse B,50,7,5,15/5/2025,0,David Koh,david.k@email.com,32,Male,Singapore,Singapore,987654,Occasional,10.5,31.5,1/5/2024,17/5/2024,Self-consumption,Lazada,18.9,5,150,-131.1,
TRX0072,17/5/2024 22:00,Shopify,CUST172,SKU002,Spicy Trail Mix,1,12.9,0,0,12.9,0,Credit Card,2.5,12.9,12.9,CAMP002,Gen Z Snack Attack,Instagram,2024-05-10/2024-06-20,AD002,1500,25000,0.06,0.1,1,1,12.9,100,0.129,Trail Mix,250g,Unit,341,0,1,340,Warehouse A,30,5,6,1/8/2025,0,Evelyn Lim,evelyn.l@email.com,23,Female,Singapore,Singapore,876543,New,12.9,12.9,17/5/2024,17/5/2024,Self-consumption,Shopify,12.9,6,100,-93.1,
TRX0073,18/5/2024 9:00,Shopee,CUST173,SKU003,Dried Apricots,1,8.9,0,0,8.9,0,ShopeePay,1.8,8.9,8.9,CAMP005,Foodie Influencer Collab,Instagram,2024-05-12/2024-06-18,AD005,3000,45000,0.0667,0.05,0.5,5,44.5,200,0.2225,Dried Fruit,300g,Unit,388,0,1,387,Warehouse A,40,6,4.5,20/7/2025,0,Raymond Tan,raymond.t@email.com,29,Male,Singapore,Singapore,765432,New,8.9,8.9,18/5/2024,18/5/2024,Self-consumption,Shopee,8.9,4.5,200,-195.6,
TRX0074,18/5/2024 9:30,Offline,CUST174,SKU004,Salted Cashews,2,15,0,0,30,0,Cash,0,30,30,CAMP001,Offline Legacy Promo,N/A,2024-05-01/2024-06-30,AD001,0,0,0,0,0,2,30,0,inf,Nuts,500g,Unit,592,0,2,590,Store A,60,7,7.5,10/6/2025,0,Samantha Goh,samantha.g@email.com,65,Female,Singapore,Singapore,654321,Frequent,15,60,15/2/2024,18/5/2024,Gifting,Retail,30,7.5,0,22.5,
TRX0075,18/5/2024 10:00,Shopify,CUST175,SKU005,Baked Walnuts,1,11.9,0,0,11.9,0,Paypal,2.5,11.9,11.9,CAMP004,Healthy Snacking SEO,SEO,2024-01-01/2025-12-31,AD004,5000,100000,0.05,0,0,10,119,0,inf,Nuts,200g,Unit,591,0,1,590,Warehouse C,50,5,5.95,1/9/2025,0,Marcus Lee,marcus.l@email.com,30,Male,Singapore,Singapore,543210,New,11.9,11.9,18/5/2024,18/5/2024,Self-consumption,Shopify,11.9,5.95,0,5.95,
TRX0076,18/5/2024 10:30,Shopee,CUST176,SKU006,Honey Pecans,1,16.5,0,0,16.5,0,ShopeePay,1.8,16.5,16.5,CAMP005,Foodie Influencer Collab,Instagram,2024-05-12/2024-06-18,AD005,3000,45000,0.0667,0.05,0.5,5,82.5,200,0.4125,Nuts,350g,Unit,242,0,1,241,Warehouse A,25,5,8.25,20/10/2025,0,Chloe Lim,chloe.l@email.com,26,Female,Singapore,Singapore,432109,New,16.5,16.5,18/5/2024,18/5/2024,Self-consumption,Shopee,16.5,8.25,200,-191.75,
TRX0077,18/5/2024 11:00,Lazada,CUST177,SKU007,Assorted Mixed Nuts,1,25,0,0,25,0,Online Banking,1.5,25,25,CAMP003,Healthy Living Campaign,Facebook,2024-05-05/2024-06-15,AD003,2000,30000,0.0667,0.08,0.8,3,25,150,0.1667,Trail Mix,1kg,Unit,190,0,1,189,Warehouse B,20,7,12.5,1/6/2025,0,Steven Tan,steven.t@email.com,33,Male,Singapore,Singapore,321098,Occasional,25,50,5/4/2024,18/5/2024,Self-consumption,Lazada,25,12.5,150,-137.5,
TRX0078,18/5/2024 11:30,Shopify,CUST178,SKU008,Roasted Pistachios,1,18.9,0,0,18.9,0,Credit Card,2.5,18.9,18.9,CAMP002,Gen Z Snack Attack,Instagram,2024-05-10/2024-06-20,AD002,1500,25000,0.06,0.1,1,1,18.9,100,0.189,Nuts,400g,Unit,291,0,1,290,Warehouse A,30,5,9.45,10/9/2025,0,Jessica Wong,jessica.w@email.com,22,Female,Singapore,Singapore,210987,New,18.9,18.9,18/5/2024,18/5/2024,Self-consumption,Shopify,18.9,9.45,100,-91.1,
TRX0079,18/5/2024 12:00,Shopee,CUST179,SKU009,Fruity Nut Mix,1,14.5,0,0,14.5,0,ShopeePay,1.8,14.5,14.5,CAMP005,Foodie Influencer Collab,Instagram,2024-05-12/2024-06-18,AD005,3000,45000,0.0667,0.05,0.5,5,72.5,200,0.3625,Trail Mix,300g,Unit,241,0,1,240,Warehouse A,20,6,7.25,5/7/2025,0,Daniel Ng,daniel.n@email.com,25,Male,Singapore,Singapore,109876,New,14.5,14.5,18/5/2024,18/5/2024,Self-consumption,Shopee,14.5,7.25,200,-192.75,
TRX0080,18/5/2024 12:30,Offline,CUST180,SKU010,Crunchy Pecans,1,15.5,0,0,15.5,0,Cash,0,15.5,15.5,CAMP001,Offline Legacy Promo,N/A,2024-05-01/2024-06-30,AD001,0,0,0,0,0,1,15.5,0,inf,Nuts,300g,Unit,269,0,1,268,Store A,28,5,7.75,20/9/2025,0,Evelyn Lim,evelyn.l@email.com,60,Female,Singapore,Singapore,987654,Frequent,15.5,31,10/2/2024,18/5/2024,Gifting,Retail,15.5,7.75,0,7.75,
TRX0081,18/5/2024 13:00,Lazada,CUST181,SKU001,Classic Roasted Almonds,1,10.5,0,0,10.5,0,Online Banking,1.5,10.5,10.5,CAMP003,Healthy Living Campaign,Facebook,2024-05-05/2024-06-15,AD003,2000,30000,0.0667,0.08,0.8,3,10.5,150,0.07,Nuts,200g,Unit,488,0,1,487,Warehouse B,50,7,5,15/5/2025,0,Ryan Tan,ryan.t@email.com,30,Male,Singapore,Singapore,876543,Occasional,10.5,21,18/4/2024,18/5/2024,Self-consumption,Lazada,10.5,5,150,-139.5,
TRX0082,18/5/2024 13:30,Shopify,CUST182,SKU002,Spicy Trail Mix,2,12.9,0,0,25.8,0,Paypal,2.5,25.8,25.8,CAMP004,Healthy Snacking SEO,SEO,2024-01-01/2025-12-31,AD004,5000,100000,0.05,0,0,10,258,0,inf,Trail Mix,250g,Unit,340,0,2,338,Warehouse C,30,5,6,1/8/2025,0,Sarah Tan,sarah.t@email.com,28,Female,Singapore,Singapore,765432,New,12.9,25.8,18/5/2024,18/5/2024,Self-consumption,Shopify,25.8,6,0,19.8,
TRX0083,18/5/2024 14:00,Shopee,CUST183,SKU003,Dried Apricots,1,8.9,0,0,8.9,0,ShopeePay,1.8,8.9,8.9,CAMP005,Foodie Influencer Collab,Instagram,2024-05-12/2024-06-18,AD005,3000,45000,0.0667,0.05,0.5,5,44.5,200,0.2225,Dried Fruit,300g,Unit,387,0,1,386,Warehouse A,40,6,4.5,20/7/2025,0,Lim Wei,lim.w@email.com,23,Male,Singapore,Singapore,654321,New,8.9,8.9,18/5/2024,18/5/2024,Self-consumption,Shopee,8.9,4.5,200,-195.6,
TRX0084,18/5/2024 14:30,Offline,CUST184,SKU004,Salted Cashews,1,15,0,0,15,0,Cash,0,15,15,CAMP001,Offline Legacy Promo,N/A,2024-05-01/2024-06-30,AD001,0,0,0,0,0,1,15,0,inf,Nuts,500g,Unit,590,0,1,589,Store B,60,7,7.5,10/6/2025,0,Grace Ng,grace.n@email.com,55,Female,Singapore,Singapore,543210,Frequent,15,30,22/3/2024,18/5/2024,Self-consumption,Retail,15,7.5,0,7.5,
TRX0085,18/5/2024 15:00,Shopify,CUST185,SKU005,Baked Walnuts,1,11.9,0,0,11.9,0,Credit Card,2.5,11.9,11.9,CAMP002,Gen Z Snack Attack,Instagram,2024-05-10/2024-06-20,AD002,1500,25000,0.06,0.1,1,1,11.9,100,0.119,Nuts,200g,Unit,590,0,1,589,Warehouse A,50,5,5.95,1/9/2025,0,James Goh,james.g@email.com,20,Male,Singapore,Singapore,432109,New,11.9,11.9,18/5/2024,18/5/2024,Self-consumption,Shopify,11.9,5.95,100,-94.05,
TRX0086,18/5/2024 15:30,Shopee,CUST186,SKU006,Honey Pecans,1,16.5,0,0,16.5,0,ShopeePay,1.8,16.5,16.5,CAMP005,Foodie Influencer Collab,Instagram,2024-05-12/2024-06-18,AD005,3000,45000,0.0667,0.05,0.5,5,82.5,200,0.4125,Nuts,350g,Unit,241,0,1,240,Warehouse A,25,5,8.25,20/10/2025,0,Amy Tan,amy.t@email.com,27,Female,Singapore,Singapore,321098,New,16.5,16.5,18/5/2024,18/5/2024,Self-consumption,Shopee,16.5,8.25,200,-191.75,
TRX0087,18/5/2024 16:00,Lazada,CUST187,SKU007,Assorted Mixed Nuts,1,25,0,0,25,0,Online Banking,1.5,25,25,CAMP003,Healthy Living Campaign,Facebook,2024-05-05/2024-06-15,AD003,2000,30000,0.0667,0.08,0.8,3,25,150,0.1667,Trail Mix,1kg,Unit,189,0,1,188,Warehouse B,20,7,12.5,1/6/2025,0,Kenji Sato,kenji.s@email.com,38,Male,Singapore,Singapore,210987,Occasional,25,50,5/5/2024,18/5/2024,Self-consumption,Lazada,25,12.5,150,-137.5,
TRX0088,18/5/2024 16:30,Shopify,CUST188,SKU008,Roasted Pistachios,1,18.9,0,0,18.9,0,Paypal,2.5,18.9,18.9,CAMP004,Healthy Snacking SEO,SEO,2024-01-01/2025-12-31,AD004,5000,100000,0.05,0,0,10,189,0,inf,Nuts,400g,Unit,290,0,1,289,Warehouse C,30,5,9.45,10/9/2025,0,Catherine Ng,catherine.n@email.com,30,Female,Singapore,Singapore,109876,New,18.9,18.9,18/5/2024,18/5/2024,Self-consumption,Shopify,18.9,9.45,0,9.45,
TRX0089,18/5/2024 17:00,Shopee,CUST189,SKU009,Fruity Nut Mix,1,14.5,0,0,14.5,0,ShopeePay,1.8,14.5,14.5,CAMP005,Foodie Influencer Collab,Instagram,2024-05-12/2024-06-18,AD005,3000,45000,0.0667,0.05,0.5,5,72.5,200,0.3625,Trail Mix,300g,Unit,240,0,1,239,Warehouse A,20,6,7.25,5/7/2025,0,David Lee,david.l@email.com,29,Male,Singapore,Singapore,987654,New,14.5,14.5,18/5/2024,18/5/2024,Self-consumption,Shopee,14.5,7.25,200,-192.75,
TRX0090,18/5/2024 17:30,Offline,CUST190,SKU010,Crunchy Pecans,2,15.5,0,0,31,0,Cash,0,31,31,CAMP001,Offline Legacy Promo,N/A,2024-05-01/2024-06-30,AD001,0,0,0,0,0,2,31,0,inf,Nuts,300g,Unit,268,0,2,266,Store B,28,5,7.75,20/9/2025,0,Linda Tan,linda.t@email.com,65,Female,Singapore,Singapore,876543,Frequent,15.5,46.5,25/1/2024,18/5/2024,Gifting,Retail,31,7.75,0,23.25,
TRX0091,18/5/2024 18:00,Lazada,CUST191,SKU001,Classic Roasted Almonds,1,10.5,0,0,10.5,0,Online Banking,1.5,10.5,10.5,CAMP003,Healthy Living Campaign,Facebook,2024-05-05/2024-06-15,AD003,2000,30000,0.0667,0.08,0.8,3,10.5,150,0.07,Nuts,200g,Unit,487,0,1,486,Warehouse B,50,7,5,15/5/2025,0,Jason Ong,jason.o@email.com,40,Male,Singapore,Singapore,765432,Occasional,10.5,21,20/4/2024,18/5/2024,Self-consumption,Lazada,10.5,5,150,-139.5,
TRX0092,18/5/2024 18:30,Shopify,CUST192,SKU002,Spicy Trail Mix,1,12.9,0,0,12.9,0,Paypal,2.5,12.9,12.9,CAMP004,Healthy Snacking SEO,SEO,2024-01-01/2025-12-31,AD004,5000,100000,0.05,0,0,10,129,0,inf,Trail Mix,250g,Unit,338,0,1,337,Warehouse C,30,5,6,1/8/2025,0,Karen Tan,karen.t@email.com,25,Female,Singapore,Singapore,654321,New,12.9,12.9,18/5/2024,18/5/2024,Self-consumption,Shopify,12.9,6,0,6.9,
TRX0093,18/5/2024 19:00,Shopee,CUST193,SKU003,Dried Apricots,2,8.9,0.89,10,16.02,0,ShopeePay,1.8,17.8,16.02,CAMP005,Foodie Influencer Collab,Instagram,2024-05-12/2024-06-18,AD005,3000,45000,0.0667,0.05,0.5,5,89,200,0.445,Dried Fruit,300g,Unit,386,0,2,384,Warehouse A,40,6,4.5,20/7/2025,0,David Koh,david.k@email.com,23,Male,Singapore,Singapore,543210,New,8.9,17.8,18/5/2024,18/5/2024,Self-consumption,Shopee,16.02,4.5,200,-183.98,
TRX0094,18/5/2024 19:30,Offline,CUST194,SKU004,Salted Cashews,1,15,0,0,15,0,Cash,0,15,15,CAMP001,Offline Legacy Promo,N/A,2024-05-01/2024-06-30,AD001,0,0,0,0,0,1,15,0,inf,Nuts,500g,Unit,589,0,1,588,Store A,60,7,7.5,10/6/2025,0,Chua Wei,chua.w@email.com,58,Female,Singapore,Singapore,432109,Frequent,15,30,5/3/2024,18/5/2024,Self-consumption,Retail,15,7.5,0,7.5,
TRX0095,18/5/2024 20:00,Shopify,CUST195,SKU005,Baked Walnuts,1,11.9,0,0,11.9,0,Credit Card,2.5,11.9,11.9,CAMP002,Gen Z Snack Attack,Instagram,2024-05-10/2024-06-20,AD002,1500,25000,0.06,0.1,1,1,11.9,100,0.119,Nuts,200g,Unit,589,0,1,588,Warehouse A,50,5,5.95,1/9/2025,0,Andy Lim,andy.l@email.com,20,Male,Singapore,Singapore,321098,New,11.9,11.9,18/5/2024,18/5/2024,Self-consumption,Shopify,11.9,5.95,100,-94.05,
TRX0096,18/5/2024 20:30,Shopee,CUST196,SKU006,Honey Pecans,1,16.5,0,0,16.5,0,ShopeePay,1.8,16.5,16.5,CAMP005,Foodie Influencer Collab,Instagram,2024-05-12/2024-06-18,AD005,3000,45000,0.0667,0.05,0.5,5,82.5,200,0.4125,Nuts,350g,Unit,240,0,1,239,Warehouse A,25,5,8.25,20/10/2025,0,Chloe Wong,chloe.w@email.com,27,Female,Singapore,Singapore,210987,New,16.5,16.5,18/5/2024,18/5/2024,Self-consumption,Shopee,16.5,8.25,200,-191.75,
TRX0097,18/5/2024 21:00,Lazada,CUST197,SKU007,Assorted Mixed Nuts,1,25,0,0,25,0,Online Banking,1.5,25,25,CAMP003,Healthy Living Campaign,Facebook,2024-05-05/2024-06-15,AD003,2000,30000,0.0667,0.08,0.8,3,25,150,0.1667,Trail Mix,1kg,Unit,188,0,1,187,Warehouse B,20,7,12.5,1/6/2025,0,Benjamin Tan,benjamin.t@email.com,35,Male,Singapore,Singapore,109876,Occasional,25,50,10/4/2024,18/5/2024,Self-consumption,Lazada,25,12.5,150,-137.5,
TRX0098,18/5/2024 21:30,Shopify,CUST198,SKU008,Roasted Pistachios,1,18.9,0,0,18.9,0,Paypal,2.5,18.9,18.9,CAMP004,Healthy Snacking SEO,SEO,2024-01-01/2025-12-31,AD004,5000,100000,0.05,0,0,10,189,0,inf,Nuts,400g,Unit,289,0,1,288,Warehouse C,30,5,9.45,10/9/2025,0,Lim Wei,lim.w@email.com,30,Female,Singapore,Singapore,987654,New,18.9,18.9,18/5/2024,18/5/2024,Self-consumption,Shopify,18.9,9.45,0,9.45,
TRX0099,18/5/2024 22:00,Shopee,CUST199,SKU009,Fruity Nut Mix,1,14.5,0,0,14.5,0,ShopeePay,1.8,14.5,14.5,CAMP005,Foodie Influencer Collab,Instagram,2024-05-12/2024-06-18,AD005,3000,45000,0.0667,0.05,0.5,5,72.5,200,0.3625,Trail Mix,300g,Unit,239,0,1,238,Warehouse A,20,6,7.25,5/7/2025,0,Daniel Ong,daniel.o@email.com,21,Male,Singapore,Singapore,876543,New,14.5,14.5,18/5/2024,18/5/2024,Self-consumption,Shopee,14.5,7.25,200,-192.75,
TRX0100,19/5/2024 9:00,Offline,CUST200,SKU010,Crunchy Pecans,1,15.5,0,0,15.5,0,Cash,0,15.5,15.5,CAMP001,Offline Legacy Promo,N/A,2024-05-01/2024-06-30,AD001,0,0,0,0,0,1,15.5,0,inf,Nuts,300g,Unit,266,0,1,265,Store A,28,5,7.75,20/9/2025,0,Samantha Tan,samantha.t@email.com,60,Female,Singapore,Singapore,765432,Frequent,15.5,31,1/3/2024,19/5/2024,Gifting,Retail,15.5,7.75,0,7.75,
TRX0101,19/5/2024 9:30,Lazada,CUST201,SKU001,Classic Roasted Almonds,1,10.5,0,0,10.5,0,Online Banking,1.5,10.5,10.5,CAMP003,Healthy Living Campaign,Facebook,2024-05-05/2024-06-15,AD003,2000,30000,0.0667,0.08,0.8,3,10.5,150,0.07,Nuts,200g,Unit,486,0,1,485,Warehouse B,50,7,5,15/5/2025,0,Jason Lim,jason.l@email.com,32,Male,Singapore,Singapore,654321,Occasional,10.5,21,25/4/2024,19/5/2024,Self-consumption,Lazada,10.5,5,150,-139.5,
TRX0102,19/5/2024 10:00,Shopify,CUST202,SKU002,Spicy Trail Mix,1,12.9,0,0,12.9,0,Credit Card,2.5,12.9,12.9,CAMP002,Gen Z Snack Attack,Instagram,2024-05-10/2024-06-20,AD002,1500,25000,0.06,0.1,1,1,12.9,100,0.129,Trail Mix,250g,Unit,337,0,1,336,Warehouse A,30,5,6,1/8/2025,0,Joyce Wong,joyce.w@email.com,26,Female,Singapore,Singapore,543210,New,12.9,12.9,19/5/2024,19/5/2024,Self-consumption,Shopify,12.9,6,100,-93.1,
TRX0103,19/5/2024 10:30,Shopee,CUST203,SKU003,Dried Apricots,1,8.9,0,0,8.9,0,ShopeePay,1.8,8.9,8.9,CAMP005,Foodie Influencer Collab,Instagram,2024-05-12/2024-06-18,AD005,3000,45000,0.0667,0.05,0.5,5,44.5,200,0.2225,Dried Fruit,300g,Unit,384,0,1,383,Warehouse A,40,6,4.5,20/7/2025,0,Daniel Tan,daniel.t@email.com,28,Male,Singapore,Singapore,432109,New,8.9,8.9,19/5/2024,19/5/2024,Self-consumption,Shopee,8.9,4.5,200,-195.6,
TRX0104,19/5/2024 11:00,Offline,CUST204,SKU004,Salted Cashews,1,15,0,0,15,0,Cash,0,15,15,CAMP001,Offline Legacy Promo,N/A,2024-05-01/2024-06-30,AD001,0,0,0,0,0,1,15,0,inf,Nuts,500g,Unit,588,0,1,587,Store C,60,7,7.5,10/6/2025,0,Evelyn Ong,evelyn.o@email.com,50,Female,Singapore,Singapore,321098,Frequent,15,30,28/3/2024,19/5/2024,Self-consumption,Retail,15,7.5,0,7.5,
TRX0105,19/5/2024 11:30,Shopify,CUST205,SKU005,Baked Walnuts,1,11.9,0,0,11.9,0,Paypal,2.5,11.9,11.9,CAMP004,Healthy Snacking SEO,SEO,2024-01-01/2025-12-31,AD004,5000,100000,0.05,0,0,10,119,0,inf,Nuts,200g,Unit,588,0,1,587,Warehouse C,50,5,5.95,1/9/2025,0,Benny Lim,benny.l@email.com,30,Male,Singapore,Singapore,210987,New,11.9,11.9,19/5/2024,19/5/2024,Self-consumption,Shopify,11.9,5.95,0,5.95,
TRX0106,19/5/2024 12:00,Shopee,CUST206,SKU006,Honey Pecans,1,16.5,0,0,16.5,0,ShopeePay,1.8,16.5,16.5,CAMP005,Foodie Influencer Collab,Instagram,2024-05-12/2024-06-18,AD005,3000,45000,0.0667,0.05,0.5,5,82.5,200,0.4125,Nuts,350g,Unit,239,0,1,238,Warehouse A,25,5,8.25,20/10/2025,0,Rachel Tan,rachel.t@email.com,24,Female,Singapore,Singapore,109876,New,16.5,16.5,19/5/2024,19/5/2024,Self-consumption,Shopee,16.5,8.25,200,-191.75,
TRX0107,19/5/2024 12:30,Lazada,CUST207,SKU007,Assorted Mixed Nuts,2,25,0,0,50,0,Online Banking,1.5,50,50,CAMP003,Healthy Living Campaign,Facebook,2024-05-05/2024-06-15,AD003,2000,30000,0.0667,0.08,0.8,3,50,150,0.3333,Trail Mix,1kg,Unit,187,0,2,185,Warehouse B,20,7,12.5,1/6/2025,0,Kenneth Goh,kenneth.g@email.com,38,Male,Singapore,Singapore,987654,Occasional,25,75,1/5/2024,19/5/2024,Self-consumption,Lazada,50,12.5,150,-112.5,
TRX0108,19/5/2024 13:00,Shopify,CUST208,SKU008,Roasted Pistachios,1,18.9,0,0,18.9,0,Credit Card,2.5,18.9,18.9,CAMP002,Gen Z Snack Attack,Instagram,2024-05-10/2024-06-20,AD002,1500,25000,0.06,0.1,1,1,18.9,100,0.189,Nuts,400g,Unit,288,0,1,287,Warehouse A,30,5,9.45,10/9/2025,0,Amy Chen,amy.c@email.com,20,Female,Singapore,Singapore,876543,New,18.9,18.9,19/5/2024,19/5/2024,Self-consumption,Shopify,18.9,9.45,100,-91.1,
TRX0109,19/5/2024 13:30,Shopee,CUST209,SKU009,Fruity Nut Mix,1,14.5,0,0,14.5,0,ShopeePay,1.8,14.5,14.5,CAMP005,Foodie Influencer Collab,Instagram,2024-05-12/2024-06-18,AD005,3000,45000,0.0667,0.05,0.5,5,72.5,200,0.3625,Trail Mix,300g,Unit,238,0,1,237,Warehouse A,20,6,7.25,5/7/2025,0,Michael Lee,michael.l@email.com,29,Male,Singapore,Singapore,765432,New,14.5,14.5,19/5/2024,19/5/2024,Self-consumption,Shopee,14.5,7.25,200,-192.75,
TRX0110,19/5/2024 14:00,Offline,CUST210,SKU010,Crunchy Pecans,1,15.5,0,0,15.5,0,Cash,0,15.5,15.5,CAMP001,Offline Legacy Promo,N/A,2024-05-01/2024-06-30,AD001,0,0,0,0,0,1,15.5,0,inf,Nuts,300g,Unit,265,0,1,264,Store B,28,5,7.75,20/9/2025,0,Susan Tan,susan.t@email.com,55,Female,Singapore,Singapore,654321,Frequent,15.5,31,10/4/2024,19/5/2024,Gifting,Retail,15.5,7.75,0,7.75,
TRX0111,19/5/2024 14:30,Lazada,CUST211,SKU001,Classic Roasted Almonds,2,10.5,1.05,10,18.9,0,Online Banking,1.5,21,18.9,CAMP003,Healthy Living Campaign,Facebook,2024-05-05/2024-06-15,AD003,2000,30000,0.0667,0.08,0.8,3,18.9,150,0.126,Nuts,200g,Unit,485,0,2,483,Warehouse B,50,7,5,15/5/2025,0,Fiona Lim,fiona.l@email.com,38,Female,Singapore,Singapore,543210,Occasional,10.5,31.5,10/5/2024,19/5/2024,Self-consumption,Lazada,18.9,5,150,-131.1,
TRX0112,19/5/2024 15:00,Shopify,CUST212,SKU002,Spicy Trail Mix,1,12.9,0,0,12.9,0,Credit Card,2.5,12.9,12.9,CAMP002,Gen Z Snack Attack,Instagram,2024-05-10/2024-06-20,AD002,1500,25000,0.06,0.1,1,1,12.9,100,0.129,Trail Mix,250g,Unit,336,0,1,335,Warehouse A,30,5,6,1/8/2025,0,Thomas Ng,thomas.n@email.com,23,Male,Singapore,Singapore,432109,New,12.9,12.9,19/5/2024,19/5/2024,Self-consumption,Shopify,12.9,6,100,-93.1,
TRX0113,19/5/2024 15:30,Shopee,CUST213,SKU003,Dried Apricots,1,8.9,0,0,8.9,0,ShopeePay,1.8,8.9,8.9,CAMP005,Foodie Influencer Collab,Instagram,2024-05-12/2024-06-18,AD005,3000,45000,0.0667,0.05,0.5,5,44.5,200,0.2225,Dried Fruit,300g,Unit,383,0,1,382,Warehouse A,40,6,4.5,20/7/2025,0,Vivian Koh,vivian.k@email.com,25,Female,Singapore,Singapore,321098,New,8.9,8.9,19/5/2024,19/5/2024,Self-consumption,Shopee,8.9,4.5,200,-195.6,
TRX0114,19/5/2024 16:00,Offline,CUST214,SKU004,Salted Cashews,2,15,0,0,30,0,Cash,0,30,30,CAMP001,Offline Legacy Promo,N/A,2024-05-01/2024-06-30,AD001,0,0,0,0,0,2,30,0,inf,Nuts,500g,Unit,587,0,2,585,Store A,60,7,7.5,10/6/2025,0,David Ho,david.h@email.com,62,Male,Singapore,Singapore,210987,Frequent,15,45,28/2/2024,19/5/2024,Gifting,Retail,30,7.5,0,22.5,
TRX0115,19/5/2024 16:30,Shopify,CUST215,SKU005,Baked Walnuts,1,11.9,0,0,11.9,0,Credit Card,2.5,11.9,11.9,CAMP002,Gen Z Snack Attack,Instagram,2024-05-10/2024-06-20,AD002,1500,25000,0.06,0.1,1,1,11.9,100,0.119,Nuts,200g,Unit,587,0,1,586,Warehouse A,50,5,5.95,1/9/2025,0,Evelyn Tan,evelyn.t@email.com,20,Female,Singapore,Singapore,109876,New,11.9,11.9,19/5/2024,19/5/2024,Self-consumption,Shopify,11.9,5.95,100,-94.05,
TRX0116,19/5/2024 17:00,Shopee,CUST216,SKU006,Honey Pecans,1,16.5,0,0,16.5,0,ShopeePay,1.8,16.5,16.5,CAMP005,Foodie Influencer Collab,Instagram,2024-05-12/2024-06-18,AD005,3000,45000,0.0667,0.05,0.5,5,82.5,200,0.4125,Nuts,350g,Unit,238,0,1,237,Warehouse A,25,5,8.25,20/10/2025,0,Aaron Lim,aaron.l@email.com,26,Male,Singapore,Singapore,987654,New,16.5,16.5,19/5/2024,19/5/2024,Self-consumption,Shopee,16.5,8.25,200,-191.75,
TRX0117,19/5/2024 17:30,Lazada,CUST217,SKU007,Assorted Mixed Nuts,1,25,0,0,25,0,Online Banking,1.5,25,25,CAMP003,Healthy Living Campaign,Facebook,2024-05-05/2024-06-15,AD003,2000,30000,0.0667,0.08,0.8,3,25,150,0.1667,Trail Mix,1kg,Unit,185,0,1,184,Warehouse B,20,7,12.5,1/6/2025,0,Sarah Goh,sarah.g@email.com,35,Female,Singapore,Singapore,876543,Occasional,25,50,15/5/2024,19/5/2024,Self-consumption,Lazada,25,12.5,150,-137.5,
TRX0118,19/5/2024 18:00,Shopify,CUST218,SKU008,Roasted Pistachios,2,18.9,0,0,37.8,0,Paypal,2.5,37.8,37.8,CAMP004,Healthy Snacking SEO,SEO,2024-01-01/2025-12-31,AD004,5000,100000,0.05,0,0,10,378,0,inf,Nuts,400g,Unit,287,0,2,285,Warehouse C,30,5,9.45,10/9/2025,0,Christopher Lee,christopher.l@email.com,30,Male,Singapore,Singapore,765432,New,18.9,37.8,19/5/2024,19/5/2024,Self-consumption,Shopify,37.8,9.45,0,28.35,
TRX0119,19/5/2024 18:30,Shopee,CUST219,SKU009,Fruity Nut Mix,1,14.5,0,0,14.5,0,ShopeePay,1.8,14.5,14.5,CAMP005,Foodie Influencer Collab,Instagram,2024-05-12/2024-06-18,AD005,3000,45000,0.0667,0.05,0.5,5,72.5,200,0.3625,Trail Mix,300g,Unit,237,0,1,236,Warehouse A,20,6,7.25,5/7/2025,0,Jenny Ong,jenny.o@email.com,22,Female,Singapore,Singapore,654321,New,14.5,14.5,19/5/2024,19/5/2024,Self-consumption,Shopee,14.5,7.25,200,-192.75,
TRX0120,19/5/2024 19:00,Offline,CUST220,SKU010,Crunchy Pecans,1,15.5,0,0,15.5,0,Cash,0,15.5,15.5,CAMP001,Offline Legacy Promo,N/A,2024-05-01/2024-06-30,AD001,0,0,0,0,0,1,15.5,0,inf,Nuts,300g,Unit,264,0,1,263,Store B,28,5,7.75,20/9/2025,0,Chloe Tan,chloe.t@email.com,60,Female,Singapore,Singapore,543210,Frequent,15.5,31,15/2/2024,19/5/2024,Gifting,Retail,15.5,7.75,0,7.75,
TRX0121,19/5/2024 19:30,Lazada,CUST221,SKU001,Classic Roasted Almonds,1,10.5,0,0,10.5,0,Online Banking,1.5,10.5,10.5,CAMP003,Healthy Living Campaign,Facebook,2024-05-05/2024-06-15,AD003,2000,30000,0.0667,0.08,0.8,3,10.5,150,0.07,Nuts,200g,Unit,483,0,1,482,Warehouse B,50,7,5,15/5/2025,0,Daniel Lim,daniel.l@email.com,40,Male,Singapore,Singapore,432109,Occasional,10.5,21,20/4/2024,19/5/2024,Self-consumption,Lazada,10.5,5,150,-139.5,
TRX0122,19/5/2024 20:00,Shopify,CUST222,SKU002,Spicy Trail Mix,1,12.9,0,0,12.9,0,Credit Card,2.5,12.9,12.9,CAMP002,Gen Z Snack Attack,Instagram,2024-05-10/2024-06-20,AD002,1500,25000,0.06,0.1,1,1,12.9,100,0.129,Trail Mix,250g,Unit,335,0,1,334,Warehouse A,30,5,6,1/8/2025,0,Sarah Lee,sarah.l@email.com,23,Female,Singapore,Singapore,321098,New,12.9,12.9,19/5/2024,19/5/2024,Self-consumption,Shopify,12.9,6,100,-93.1,
TRX0123,19/5/2024 20:30,Shopee,CUST223,SKU003,Dried Apricots,2,8.9,0.89,10,16.02,0,ShopeePay,1.8,17.8,16.02,CAMP005,Foodie Influencer Collab,Instagram,2024-05-12/2024-06-18,AD005,3000,45000,0.0667,0.05,0.5,5,89,200,0.445,Dried Fruit,300g,Unit,382,0,2,380,Warehouse A,40,6,4.5,20/7/2025,0,Ken Lim,ken.l@email.com,27,Male,Singapore,Singapore,210987,New,8.9,17.8,19/5/2024,19/5/2024,Self-consumption,Shopee,16.02,4.5,200,-183.98,
TRX0124,19/5/2024 21:00,Offline,CUST224,SKU004,Salted Cashews,1,15,0,0,15,0,Cash,0,15,15,CAMP001,Offline Legacy Promo,N/A,2024-05-01/2024-06-30,AD001,0,0,0,0,0,1,15,0,inf,Nuts,500g,Unit,585,0,1,584,Store C,60,7,7.5,10/6/2025,0,Catherine Tan,catherine.t@email.com,55,Female,Singapore,Singapore,109876,Frequent,15,30,10/3/2024,19/5/2024,Self-consumption,Retail,15,7.5,0,7.5,
TRX0125,19/5/2024 21:30,Shopify,CUST225,SKU005,Baked Walnuts,1,11.9,0,0,11.9,0,Paypal,2.5,11.9,11.9,CAMP004,Healthy Snacking SEO,SEO,2024-01-01/2025-12-31,AD004,5000,100000,0.05,0,0,10,119,0,inf,Nuts,200g,Unit,586,0,1,585,Warehouse C,50,5,5.95,1/9/2025,0,David Wong,david.w@email.com,20,Male,Singapore,Singapore,987654,New,11.9,11.9,19/5/2024,19/5/2024,Self-consumption,Shopify,11.9,5.95,0,5.95,
TRX0126,19/5/2024 22:00,Shopee,CUST226,SKU006,Honey Pecans,1,16.5,0,0,16.5,0,ShopeePay,1.8,16.5,16.5,CAMP005,Foodie Influencer Collab,Instagram,2024-05-12/2024-06-18,AD005,3000,45000,0.0667,0.05,0.5,5,82.5,200,0.4125,Nuts,350g,Unit,237,0,1,236,Warehouse A,25,5,8.25,20/10/2025,0,Sarah Soh,sarah.s@email.com,29,Female,Singapore,Singapore,876543,New,16.5,16.5,19/5/2024,19/5/2024,Self-consumption,Shopee,16.5,8.25,200,-191.75,
TRX0127,20/5/2024 9:00,Lazada,CUST227,SKU007,Assorted Mixed Nuts,1,25,0,0,25,0,Online Banking,1.5,25,25,CAMP003,Healthy Living Campaign,Facebook,2024-05-05/2024-06-15,AD003,2000,30000,0.0667,0.08,0.8,3,25,150,0.1667,Trail Mix,1kg,Unit,184,0,1,183,Warehouse B,20,7,12.5,1/6/2025,0,Jason Lim,jason.l@email.com,30,Male,Singapore,Singapore,765432,Occasional,25,50,18/5/2024,20/5/2024,Self-consumption,Lazada,25,12.5,150,-137.5,
TRX0128,20/5/2024 9:30,Shopify,CUST228,SKU008,Roasted Pistachios,1,18.9,0,0,18.9,0,Credit Card,2.5,18.9,18.9,CAMP002,Gen Z Snack Attack,Instagram,2024-05-10/2024-06-20,AD002,1500,25000,0.06,0.1,1,1,18.9,100,0.189,Nuts,400g,Unit,288,0,1,287,Warehouse A,30,5,9.45,10/9/2025,0,Chris Tan,chris.t@email.com,23,Female,Singapore,Singapore,654321,New,18.9,18.9,20/5/2024,20/5/2024,Self-consumption,Shopify,18.9,9.45,100,-91.1,
TRX0129,20/5/2024 10:00,Shopee,CUST229,SKU009,Fruity Nut Mix,1,14.5,0,0,14.5,0,ShopeePay,1.8,14.5,14.5,CAMP005,Foodie Influencer Collab,Instagram,2024-05-12/2024-06-18,AD005,3000,45000,0.0667,0.05,0.5,5,72.5,200,0.3625,Trail Mix,300g,Unit,238,0,1,237,Warehouse A,20,6,7.25,5/7/2025,0,Evelyn Lim,evelyn.l@email.com,28,Female,Singapore,Singapore,543210,New,14.5,14.5,20/5/2024,20/5/2024,Self-consumption,Shopee,14.5,7.25,200,-192.75,
TRX0130,20/5/2024 10:30,Offline,CUST230,SKU010,Crunchy Pecans,2,15.5,0,0,31,0,Cash,0,31,31,CAMP001,Offline Legacy Promo,N/A,2024-05-01/2024-06-30,AD001,0,0,0,0,0,2,31,0,inf,Nuts,300g,Unit,265,0,2,263,Store A,28,5,7.75,20/9/2025,0,Tan Wei,tan.w@email.com,65,Male,Singapore,Singapore,432109,Frequent,15.5,46.5,20/1/2024,20/5/2024,Gifting,Retail,31,7.75,0,23.25,
TRX0131,20/5/2024 11:00,Lazada,CUST231,SKU001,Classic Roasted Almonds,1,10.5,0,0,10.5,0,Online Banking,1.5,10.5,10.5,CAMP003,Healthy Living Campaign,Facebook,2024-05-05/2024-06-15,AD003,2000,30000,0.0667,0.08,0.8,3,10.5,150,0.07,Nuts,200g,Unit,482,0,1,481,Warehouse B,50,7,5,15/5/2025,0,Joyce Koh,joyce.k@email.com,35,Female,Singapore,Singapore,321098,Occasional,10.5,21,1/5/2024,20/5/2024,Self-consumption,Lazada,10.5,5,150,-139.5,
TRX0132,20/5/2024 11:30,Shopify,CUST232,SKU002,Spicy Trail Mix,1,12.9,0,0,12.9,0,Paypal,2.5,12.9,12.9,CAMP004,Healthy Snacking SEO,SEO,2024-01-01/2025-12-31,AD004,5000,100000,0.05,0,0,10,129,0,inf,Trail Mix,250g,Unit,334,0,1,333,Warehouse C,30,5,6,1/8/2025,0,Jack Ng,jack.n@email.com,20,Male,Singapore,Singapore,210987,New,12.9,12.9,20/5/2024,20/5/2024,Self-consumption,Shopify,12.9,6,0,6.9,
TRX0133,20/5/2024 12:00,Shopee,CUST233,SKU003,Dried Apricots,1,8.9,0,0,8.9,0,ShopeePay,1.8,8.9,8.9,CAMP005,Foodie Influencer Collab,Instagram,2024-05-12/2024-06-18,AD005,3000,45000,0.0667,0.05,0.5,5,44.5,200,0.2225,Dried Fruit,300g,Unit,380,0,1,379,Warehouse A,40,6,4.5,20/7/2025,0,Sarah Tan,sarah.t@email.com,24,Female,Singapore,Singapore,109876,New,8.9,8.9,20/5/2024,20/5/2024,Self-consumption,Shopee,8.9,4.5,200,-195.6,
TRX0134,20/5/2024 12:30,Offline,CUST234,SKU004,Salted Cashews,1,15,0,0,15,0,Cash,0,15,15,CAMP001,Offline Legacy Promo,N/A,2024-05-01/2024-06-30,AD001,0,0,0,0,0,1,15,0,inf,Nuts,500g,Unit,584,0,1,583,Store C,60,7,7.5,10/6/2025,0,Lim Wei,lim.w@email.com,58,Male,Singapore,Singapore,987654,Frequent,15,30,5/4/2024,20/5/2024,Self-consumption,Retail,15,7.5,0,7.5,
TRX0135,20/5/2024 13:00,Shopify,CUST235,SKU005,Baked Walnuts,1,11.9,0,0,11.9,0,Credit Card,2.5,11.9,11.9,CAMP002,Gen Z Snack Attack,Instagram,2024-05-10/2024-06-20,AD002,1500,25000,0.06,0.1,1,1,11.9,100,0.119,Nuts,200g,Unit,585,0,1,584,Warehouse A,50,5,5.95,1/9/2025,0,Kenneth Tan,kenneth.t@email.com,22,Male,Singapore,Singapore,876543,New,11.9,11.9,20/5/2024,20/5/2024,Self-consumption,Shopify,11.9,5.95,100,-94.05,
TRX0136,20/5/2024 13:30,Shopee,CUST236,SKU006,Honey Pecans,1,16.5,0,0,16.5,0,ShopeePay,1.8,16.5,16.5,CAMP005,Foodie Influencer Collab,Instagram,2024-05-12/2024-06-18,AD005,3000,45000,0.0667,0.05,0.5,5,82.5,200,0.4125,Nuts,350g,Unit,236,0,1,235,Warehouse A,25,5,8.25,20/10/2025,0,Lim Wei,lim.w@email.com,25,Female,Singapore,Singapore,765432,New,16.5,16.5,20/5/2024,20/5/2024,Self-consumption,Shopee,16.5,8.25,200,-191.75,
TRX0137,20/5/2024 14:00,Lazada,CUST237,SKU007,Assorted Mixed Nuts,1,25,0,0,25,0,Online Banking,1.5,25,25,CAMP003,Healthy Living Campaign,Facebook,2024-05-05/2024-06-15,AD003,2000,30000,0.0667,0.08,0.8,3,25,150,0.1667,Trail Mix,1kg,Unit,183,0,1,182,Warehouse B,20,7,12.5,1/6/2025,0,Alan Tan,alan.t@email.com,40,Male,Singapore,Singapore,654321,Occasional,25,50,10/5/2024,20/5/2024,Self-consumption,Lazada,25,12.5,150,-137.5,
TRX0138,20/5/2024 14:30,Shopify,CUST238,SKU008,Roasted Pistachios,1,18.9,0,0,18.9,0,Paypal,2.5,18.9,18.9,CAMP004,Healthy Snacking SEO,SEO,2024-01-01/2025-12-31,AD004,5000,100000,0.05,0,0,10,189,0,inf,Nuts,400g,Unit,287,0,1,286,Warehouse C,30,5,9.45,10/9/2025,0,Vivian Ong,vivian.o@email.com,30,Female,Singapore,Singapore,543210,New,18.9,18.9,20/5/2024,20/5/2024,Self-consumption,Shopify,18.9,9.45,0,9.45,
TRX0139,20/5/2024 15:00,Shopee,CUST239,SKU009,Fruity Nut Mix,1,14.5,0,0,14.5,0,ShopeePay,1.8,14.5,14.5,CAMP005,Foodie Influencer Collab,Instagram,2024-05-12/2024-06-18,AD005,3000,45000,0.0667,0.05,0.5,5,72.5,200,0.3625,Trail Mix,300g,Unit,237,0,1,236,Warehouse A,20,6,7.25,5/7/2025,0,Jason Ong,jason.o@email.com,29,Male,Singapore,Singapore,432109,New,14.5,14.5,20/5/2024,20/5/2024,Self-consumption,Shopee,14.5,7.25,200,-192.75,
TRX0140,20/5/2024 15:30,Offline,CUST240,SKU010,Crunchy Pecans,1,15.5,0,0,15.5,0,Cash,0,15.5,15.5,CAMP001,Offline Legacy Promo,N/A,2024-05-01/2024-06-30,AD001,0,0,0,0,0,1,15.5,0,inf,Nuts,300g,Unit,263,0,1,262,Store A,28,5,7.75,20/9/2025,0,Chloe Lim,chloe.l@email.com,60,Female,Singapore,Singapore,321098,Frequent,15.5,31,25/3/2024,20/5/2024,Gifting,Retail,15.5,7.75,0,7.75,
TRX0141,20/5/2024 16:00,Lazada,CUST241,SKU001,Classic Roasted Almonds,1,10.5,0,0,10.5,0,Online Banking,1.5,10.5,10.5,CAMP003,Healthy Living Campaign,Facebook,2024-05-05/2024-06-15,AD003,2000,30000,0.0667,0.08,0.8,3,10.5,150,0.07,Nuts,200g,Unit,481,0,1,480,Warehouse B,50,7,5,15/5/2025,0,Daniel Ong,daniel.o@email.com,32,Male,Singapore,Singapore,210987,Occasional,10.5,21,15/5/2024,20/5/2024,Self-consumption,Lazada,10.5,5,150,-139.5,
TRX0142,20/5/2024 16:30,Shopify,CUST242,SKU002,Spicy Trail Mix,1,12.9,0,0,12.9,0,Paypal,2.5,12.9,12.9,CAMP004,Healthy Snacking SEO,SEO,2024-01-01/2025-12-31,AD004,5000,100000,0.05,0,0,10,129,0,inf,Trail Mix,250g,Unit,333,0,1,332,Warehouse C,30,5,6,1/8/2025,0,Sarah Soh,sarah.s@email.com,20,Female,Singapore,Singapore,109876,New,12.9,12.9,20/5/2024,20/5/2024,Self-consumption,Shopify,12.9,6,0,6.9,
TRX0143,20/5/2024 17:00,Shopee,CUST243,SKU003,Dried Apricots,1,8.9,0,0,8.9,0,ShopeePay,1.8,8.9,8.9,CAMP005,Foodie Influencer Collab,Instagram,2024-05-12/2024-06-18,AD005,3000,45000,0.0667,0.05,0.5,5,44.5,200,0.2225,Dried Fruit,300g,Unit,379,0,1,378,Warehouse A,40,6,4.5,20/7/2025,0,Kenneth Goh,kenneth.g@email.com,26,Male,Singapore,Singapore,987654,New,8.9,8.9,20/5/2024,20/5/2024,Self-consumption,Shopee,8.9,4.5,200,-195.6,
TRX0144,20/5/2024 17:30,Offline,CUST244,SKU004,Salted Cashews,2,15,0,0,30,0,Cash,0,30,30,CAMP001,Offline Legacy Promo,N/A,2024-05-01/2024-06-30,AD001,0,0,0,0,0,2,30,0,inf,Nuts,500g,Unit,583,0,2,581,Store A,60,7,7.5,10/6/2025,0,Michael Tan,michael.t@email.com,62,Female,Singapore,Singapore,876543,Frequent,15,45,18/2/2024,20/5/2024,Gifting,Retail,30,7.5,0,22.5,
TRX0145,20/5/2024 18:00,Shopify,CUST245,SKU005,Baked Walnuts,1,11.9,0,0,11.9,0,Credit Card,2.5,11.9,11.9,CAMP002,Gen Z Snack Attack,Instagram,2024-05-10/2024-06-20,AD002,1500,25000,0.06,0.1,1,1,11.9,100,0.119,Nuts,200g,Unit,584,0,1,583,Warehouse A,50,5,5.95,1/9/2025,0,Jessica Wong,jessica.w@email.com,23,Female,Singapore,Singapore,765432,New,11.9,11.9,20/5/2024,20/5/2024,Self-consumption,Shopify,11.9,5.95,100,-94.05,
TRX0146,20/5/2024 18:30,Shopee,CUST246,SKU006,Honey Pecans,1,16.5,0,0,16.5,0,ShopeePay,1.8,16.5,16.5,CAMP005,Foodie Influencer Collab,Instagram,2024-05-12/2024-06-18,AD005,3000,45000,0.0667,0.05,0.5,5,82.5,200,0.4125,Nuts,350g,Unit,235,0,1,234,Warehouse A,25,5,8.25,20/10/2025,0,Chris Lim,chris.l@email.com,21,Male,Singapore,Singapore,654321,New,16.5,16.5,20/5/2024,20/5/2024,Self-consumption,Shopee,16.5,8.25,200,-191.75,
TRX0147,20/5/2024 19:00,Lazada,CUST247,SKU007,Assorted Mixed Nuts,1,25,0,0,25,0,Online Banking,1.5,25,25,CAMP003,Healthy Living Campaign,Facebook,2024-05-05/2024-06-15,AD003,2000,30000,0.0667,0.08,0.8,3,25,150,0.1667,Trail Mix,1kg,Unit,182,0,1,181,Warehouse B,20,7,12.5,1/6/2025,0,David Tan,david.t@email.com,38,Male,Singapore,Singapore,543210,Occasional,25,50,22/4/2024,20/5/2024,Self-consumption,Lazada,25,12.5,150,-137.5,
TRX0148,20/5/2024 19:30,Shopify,CUST248,SKU008,Roasted Pistachios,1,18.9,0,0,18.9,0,Paypal,2.5,18.9,18.9,CAMP004,Healthy Snacking SEO,SEO,2024-01-01/2025-12-31,AD004,5000,100000,0.05,0,0,10,189,0,inf,Nuts,400g,Unit,286,0,1,285,Warehouse C,30,5,9.45,10/9/2025,0,Karen Lim,karen.l@email.com,30,Female,Singapore,Singapore,432109,New,18.9,18.9,20/5/2024,20/5/2024,Self-consumption,Shopify,18.9,9.45,0,9.45,
TRX0149,20/5/2024 20:00,Shopee,CUST249,SKU009,Fruity Nut Mix,1,14.5,0,0,14.5,0,ShopeePay,1.8,14.5,14.5,CAMP005,Foodie Influencer Collab,Instagram,2024-05-12/2024-06-18,AD005,3000,45000,0.0667,0.05,0.5,5,72.5,200,0.3625,Trail Mix,300g,Unit,236,0,1,235,Warehouse A,20,6,7.25,5/7/2025,0,Sarah Ong,sarah.o@email.com,25,Female,Singapore,Singapore,321098,New,14.5,14.5,20/5/2024,20/5/2024,Self-consumption,Shopee,14.5,7.25,200,-192.75,
TRX0150,20/5/2024 20:30,Offline,CUST250,SKU010,Crunchy Pecans,1,15.5,0,0,15.5,0,Cash,0,15.5,15.5,CAMP001,Offline Legacy Promo,N/A,2024-05-01/2024-06-30,AD001,0,0,0,0,0,1,15.5,0,inf,Nuts,300g,Unit,263,0,1,262,Store B,28,5,7.75,20/9/2025,0,Robert Lim,robert.l@email.com,60,Male,Singapore,Singapore,210987,Frequent,15.5,31,15/2/2024,20/5/2024,Gifting,Retail,15.5,7.75,0,7.75,
TRX0151,20/5/2024 21:00,Lazada,CUST251,SKU001,Classic Roasted Almonds,1,10.5,0,0,10.5,0,Online Banking,1.5,10.5,10.5,CAMP003,Healthy Living Campaign,Facebook,2024-05-05/2024-06-15,AD003,2000,30000,0.0667,0.08,0.8,3,10.5,150,0.07,Nuts,200g,Unit,480,0,1,479,Warehouse B,50,7,5,15/5/2025,0,Alex Ang,alex.a@email.com,30,Male,Singapore,Singapore,109876,Occasional,10.5,21,10/5/2024,20/5/2024,Self-consumption,Lazada,10.5,5,150,-139.5,
TRX0152,20/5/2024 21:30,Shopify,CUST252,SKU002,Spicy Trail Mix,1,12.9,0,0,12.9,0,Credit Card,2.5,12.9,12.9,CAMP002,Gen Z Snack Attack,Instagram,2024-05-10/2024-06-20,AD002,1500,25000,0.06,0.1,1,1,12.9,100,0.129,Trail Mix,250g,Unit,332,0,1,331,Warehouse A,30,5,6,1/8/2025,0,Daniel Ong,daniel.o@email.com,22,Male,Singapore,Singapore,987654,New,12.9,12.9,20/5/2024,20/5/2024,Self-consumption,Shopify,12.9,6,100,-93.1,
TRX0153,20/5/2024 22:00,Shopee,CUST253,SKU003,Dried Apricots,1,8.9,0,0,8.9,0,ShopeePay,1.8,8.9,8.9,CAMP005,Foodie Influencer Collab,Instagram,2024-05-12/2024-06-18,AD005,3000,45000,0.0667,0.05,0.5,5,44.5,200,0.2225,Dried Fruit,300g,Unit,378,0,1,377,Warehouse A,40,6,4.5,20/7/2025,0,Jane Tan,jane.t@email.com,28,Female,Singapore,Singapore,876543,New,8.9,8.9,20/5/2024,20/5/2024,Self-consumption,Shopee,8.9,4.5,200,-195.6,
TRX0154,21/5/2024 9:00,Offline,CUST254,SKU004,Salted Cashews,1,15,0,0,15,0,Cash,0,15,15,CAMP001,Offline Legacy Promo,N/A,2024-05-01/2024-06-30,AD001,0,0,0,0,0,1,15,0,inf,Nuts,500g,Unit,581,0,1,580,Store C,60,7,7.5,10/6/2025,0,Peter Ang,peter.a@email.com,55,Male,Singapore,Singapore,765432,Frequent,15,30,20/3/2024,21/5/2024,Self-consumption,Retail,15,7.5,0,7.5,
TRX0155,21/5/2024 9:30,Shopify,CUST255,SKU005,Baked Walnuts,1,11.9,0,0,11.9,0,Paypal,2.5,11.9,11.9,CAMP004,Healthy Snacking SEO,SEO,2024-01-01/2025-12-31,AD004,5000,100000,0.05,0,0,10,119,0,inf,Nuts,200g,Unit,583,0,1,582,Warehouse C,50,5,5.95,1/9/2025,0,David Lee,david.l@email.com,30,Male,Singapore,Singapore,654321,New,11.9,11.9,21/5/2024,21/5/2024,Self-consumption,Shopify,11.9,5.95,0,5.95,
TRX0156,21/5/2024 10:00,Shopee,CUST256,SKU006,Honey Pecans,1,16.5,0,0,16.5,0,ShopeePay,1.8,16.5,16.5,CAMP005,Foodie Influencer Collab,Instagram,2024-05-12/2024-06-18,AD005,3000,45000,0.0667,0.05,0.5,5,82.5,200,0.4125,Nuts,350g,Unit,234,0,1,233,Warehouse A,25,5,8.25,20/10/2025,0,Chloe Tan,chloe.t@email.com,25,Female,Singapore,Singapore,543210,New,16.5,16.5,21/5/2024,21/5/2024,Self-consumption,Shopee,16.5,8.25,200,-191.75,
TRX0157,21/5/2024 10:30,Lazada,CUST257,SKU007,Assorted Mixed Nuts,1,25,0,0,25,0,Online Banking,1.5,25,25,CAMP003,Healthy Living Campaign,Facebook,2024-05-05/2024-06-15,AD003,2000,30000,0.0667,0.08,0.8,3,25,150,0.1667,Trail Mix,1kg,Unit,181,0,1,180,Warehouse B,20,7,12.5,1/6/2025,0,Evelyn Tan,evelyn.t@email.com,38,Female,Singapore,Singapore,432109,Occasional,25,50,15/5/2024,21/5/2024,Self-consumption,Lazada,25,12.5,150,-137.5,
TRX0158,21/5/2024 11:00,Shopify,CUST258,SKU008,Roasted Pistachios,1,18.9,0,0,18.9,0,Credit Card,2.5,18.9,18.9,CAMP002,Gen Z Snack Attack,Instagram,2024-05-10/2024-06-20,AD002,1500,25000,0.06,0.1,1,1,18.9,100,0.189,Nuts,400g,Unit,285,0,1,284,Warehouse A,30,5,9.45,10/9/2025,0,John Goh,john.g@email.com,20,Male,Singapore,Singapore,321098,New,18.9,18.9,21/5/2024,21/5/2024,Self-consumption,Shopify,18.9,9.45,100,-91.1,
TRX0159,21/5/2024 11:30,Shopee,CUST259,SKU009,Fruity Nut Mix,1,14.5,0,0,14.5,0,ShopeePay,1.8,14.5,14.5,CAMP005,Foodie Influencer Collab,Instagram,2024-05-12/2024-06-18,AD005,3000,45000,0.0667,0.05,0.5,5,72.5,200,0.3625,Trail Mix,300g,Unit,235,0,1,234,Warehouse A,20,6,7.25,5/7/2025,0,Samantha Tan,samantha.t@email.com,23,Female,Singapore,Singapore,210987,New,14.5,14.5,21/5/2024,21/5/2024,Self-consumption,Shopee,14.5,7.25,200,-192.75,
TRX0160,21/5/2024 12:00,Offline,CUST260,SKU010,Crunchy Pecans,2,15.5,0,0,31,0,Cash,0,31,31,CAMP001,Offline Legacy Promo,N/A,2024-05-01/2024-06-30,AD001,0,0,0,0,0,2,31,0,inf,Nuts,300g,Unit,262,0,2,260,Store B,28,5,7.75,20/9/2025,0,Daniel Lim,daniel.l@email.com,60,Male,Singapore,Singapore,109876,Frequent,15.5,46.5,20/2/2024,21/5/2024,Gifting,Retail,31,7.75,0,23.25,
TRX0161,21/5/2024 12:30,Lazada,CUST261,SKU001,Classic Roasted Almonds,1,10.5,0,0,10.5,0,Online Banking,1.5,10.5,10.5,CAMP003,Healthy Living Campaign,Facebook,2024-05-05/2024-06-15,AD003,2000,30000,0.0667,0.08,0.8,3,10.5,150,0.07,Nuts,200g,Unit,479,0,1,478,Warehouse B,50,7,5,15/5/2025,0,Fiona Ng,fiona.n@email.com,42,Female,Singapore,Singapore,987654,Occasional,10.5,21,15/5/2024,21/5/2024,Self-consumption,Lazada,10.5,5,150,-139.5,
TRX0162,21/5/2024 13:00,Shopify,CUST262,SKU002,Spicy Trail Mix,1,12.9,0,0,12.9,0,Paypal,2.5,12.9,12.9,CAMP004,Healthy Snacking SEO,SEO,2024-01-01/2025-12-31,AD004,5000,100000,0.05,0,0,10,129,0,inf,Trail Mix,250g,Unit,331,0,1,330,Warehouse C,30,5,6,1/8/2025,0,Jason Ong,jason.o@email.com,30,Male,Singapore,Singapore,876543,New,12.9,12.9,21/5/2024,21/5/2024,Self-consumption,Shopify,12.9,6,0,6.9,
TRX0163,21/5/2024 13:30,Shopee,CUST263,SKU003,Dried Apricots,1,8.9,0,0,8.9,0,ShopeePay,1.8,8.9,8.9,CAMP005,Foodie Influencer Collab,Instagram,2024-05-12/2024-06-18,AD005,3000,45000,0.0667,0.05,0.5,5,44.5,200,0.2225,Dried Fruit,300g,Unit,377,0,1,376,Warehouse A,40,6,4.5,20/7/2025,0,Evelyn Lim,evelyn.l@email.com,20,Female,Singapore,Singapore,765432,New,8.9,8.9,21/5/2024,21/5/2024,Self-consumption,Shopee,8.9,4.5,200,-195.6,
TRX0164,21/5/2024 14:00,Offline,CUST264,SKU004,Salted Cashews,1,15,0,0,15,0,Cash,0,15,15,CAMP001,Offline Legacy Promo,N/A,2024-05-01/2024-06-30,AD001,0,0,0,0,0,1,15,0,inf,Nuts,500g,Unit,580,0,1,579,Store A,60,7,7.5,10/6/2025,0,Michael Ong,michael.o@email.com,50,Male,Singapore,Singapore,654321,Frequent,15,30,25/3/2024,21/5/2024,Self-consumption,Retail,15,7.5,0,7.5,
TRX0165,21/5/2024 14:30,Shopify,CUST265,SKU005,Baked Walnuts,1,11.9,0,0,11.9,0,Credit Card,2.5,11.9,11.9,CAMP002,Gen Z Snack Attack,Instagram,2024-05-10/2024-06-20,AD002,1500,25000,0.06,0.1,1,1,11.9,100,0.119,Nuts,200g,Unit,582,0,1,581,Warehouse A,50,5,5.95,1/9/2025,0,Joyce Tan,joyce.t@email.com,28,Female,Singapore,Singapore,543210,New,11.9,11.9,21/5/2024,21/5/2024,Self-consumption,Shopify,11.9,5.95,100,-94.05,
TRX0166,21/5/2024 15:00,Shopee,CUST266,SKU006,Honey Pecans,1,16.5,0,0,16.5,0,ShopeePay,1.8,16.5,16.5,CAMP005,Foodie Influencer Collab,Instagram,2024-05-12/2024-06-18,AD005,3000,45000,0.0667,0.05,0.5,5,82.5,200,0.4125,Nuts,350g,Unit,233,0,1,232,Warehouse A,25,5,8.25,20/10/2025,0,Chris Lim,chris.l@email.com,22,Male,Singapore,Singapore,432109,New,16.5,16.5,21/5/2024,21/5/2024,Self-consumption,Shopee,16.5,8.25,200,-191.75,
TRX0167,21/5/2024 15:30,Lazada,CUST267,SKU007,Assorted Mixed Nuts,1,25,0,0,25,0,Online Banking,1.5,25,25,CAMP003,Healthy Living Campaign,Facebook,2024-05-05/2024-06-15,AD003,2000,30000,0.0667,0.08,0.8,3,25,150,0.1667,Trail Mix,1kg,Unit,180,0,1,179,Warehouse B,20,7,12.5,1/6/2025,0,Sarah Ong,sarah.o@email.com,35,Female,Singapore,Singapore,321098,Occasional,25,50,20/4/2024,21/5/2024,Self-consumption,Lazada,25,12.5,150,-137.5,
TRX0168,21/5/2024 16:00,Shopify,CUST268,SKU008,Roasted Pistachios,2,18.9,0,0,37.8,0,Paypal,2.5,37.8,37.8,CAMP004,Healthy Snacking SEO,SEO,2024-01-01/2025-12-31,AD004,5000,100000,0.05,0,0,10,378,0,inf,Nuts,400g,Unit,284,0,2,282,Warehouse C,30,5,9.45,10/9/2025,0,Kenneth Tan,kenneth.t@email.com,32,Male,Singapore,Singapore,210987,New,18.9,37.8,21/5/2024,21/5/2024,Self-consumption,Shopify,37.8,9.45,0,28.35,
TRX0169,21/5/2024 16:30,Shopee,CUST269,SKU009,Fruity Nut Mix,1,14.5,0,0,14.5,0,ShopeePay,1.8,14.5,14.5,CAMP005,Foodie Influencer Collab,Instagram,2024-05-12/2024-06-18,AD005,3000,45000,0.0667,0.05,0.5,5,72.5,200,0.3625,Trail Mix,300g,Unit,234,0,1,233,Warehouse A,20,6,7.25,5/7/2025,0,Rachel Lim,rachel.l@email.com,20,Female,Singapore,Singapore,109876,New,14.5,14.5,21/5/2024,21/5/2024,Self-consumption,Shopee,14.5,7.25,200,-192.75,
TRX0170,21/5/2024 17:00,Offline,CUST270,SKU010,Crunchy Pecans,1,15.5,0,0,15.5,0,Cash,0,15.5,15.5,CAMP001,Offline Legacy Promo,N/A,2024-05-01/2024-06-30,AD001,0,0,0,0,0,1,15.5,0,inf,Nuts,300g,Unit,260,0,1,259,Store C,28,5,7.75,20/9/2025,0,James Lim,james.l@email.com,65,Male,Singapore,Singapore,987654,Frequent,15.5,31,5/3/2024,21/5/2024,Gifting,Retail,15.5,7.75,0,7.75,
TRX0171,21/5/2024 17:30,Lazada,CUST271,SKU001,Classic Roasted Almonds,1,10.5,0,0,10.5,0,Online Banking,1.5,10.5,10.5,CAMP003,Healthy Living Campaign,Facebook,2024-05-05/2024-06-15,AD003,2000,30000,0.0667,0.08,0.8,3,10.5,150,0.07,Nuts,200g,Unit,478,0,1,477,Warehouse B,50,7,5,15/5/2025,0,Chloe Tan,chloe.t@email.com,40,Female,Singapore,Singapore,876543,Occasional,10.5,21,10/5/2024,21/5/2024,Self-consumption,Lazada,10.5,5,150,-139.5,
TRX0172,21/5/2024 18:00,Shopify,CUST272,SKU002,Spicy Trail Mix,1,12.9,0,0,12.9,0,Credit Card,2.5,12.9,12.9,CAMP002,Gen Z Snack Attack,Instagram,2024-05-10/2024-06-20,AD002,1500,25000,0.06,0.1,1,1,12.9,100,0.129,Trail Mix,250g,Unit,330,0,1,329,Warehouse A,30,5,6,1/8/2025,0,Jason Lim,jason.l@email.com,23,Male,Singapore,Singapore,765432,New,12.9,12.9,21/5/2024,21/5/2024,Self-consumption,Shopify,12.9,6,100,-93.1,
TRX0173,21/5/2024 18:30,Shopee,CUST273,SKU003,Dried Apricots,2,8.9,0.89,10,16.02,0,ShopeePay,1.8,17.8,16.02,CAMP005,Foodie Influencer Collab,Instagram,2024-05-12/2024-06-18,AD005,3000,45000,0.0667,0.05,0.5,5,89,200,0.445,Dried Fruit,300g,Unit,376,0,2,374,Warehouse A,40,6,4.5,20/7/2025,0,Sarah Ng,sarah.n@email.com,27,Female,Singapore,Singapore,654321,New,8.9,17.8,21/5/2024,21/5/2024,Self-consumption,Shopee,16.02,4.5,200,-183.98,
TRX0174,21/5/2024 19:00,Offline,CUST274,SKU004,Salted Cashews,1,15,0,0,15,0,Cash,0,15,15,CAMP001,Offline Legacy Promo,N/A,2024-05-01/2024-06-30,AD001,0,0,0,0,0,1,15,0,inf,Nuts,500g,Unit,579,0,1,578,Store B,60,7,7.5,10/6/2025,0,Lim Wei,lim.w@email.com,58,Male,Singapore,Singapore,543210,Frequent,15,30,1/4/2024,21/5/2024,Self-consumption,Retail,15,7.5,0,7.5,
TRX0175,21/5/2024 19:30,Shopify,CUST275,SKU005,Baked Walnuts,1,11.9,0,0,11.9,0,Paypal,2.5,11.9,11.9,CAMP004,Healthy Snacking SEO,SEO,2024-01-01/2025-12-31,AD004,5000,100000,0.05,0,0,10,119,0,inf,Nuts,200g,Unit,581,0,1,580,Warehouse A,50,5,5.95,1/9/2025,0,Alan Tan,alan.t@email.com,22,Male,Singapore,Singapore,432109,New,11.9,11.9,21/5/2024,21/5/2024,Self-consumption,Shopify,11.9,5.95,100,-94.05,
TRX0176,21/5/2024 20:00,Shopee,CUST276,SKU006,Honey Pecans,1,16.5,0,0,16.5,0,ShopeePay,1.8,16.5,16.5,CAMP005,Foodie Influencer Collab,Instagram,2024-05-12/2024-06-18,AD005,3000,45000,0.0667,0.05,0.5,5,82.5,200,0.4125,Nuts,350g,Unit,232,0,1,231,Warehouse A,25,5,8.25,20/10/2025,0,Karen Ong,karen.o@email.com,26,Female,Singapore,Singapore,321098,New,16.5,16.5,21/5/2024,21/5/2024,Self-consumption,Shopee,16.5,8.25,200,-191.75,
TRX0177,21/5/2024 20:30,Lazada,CUST277,SKU007,Assorted Mixed Nuts,1,25,0,0,25,0,Online Banking,1.5,25,25,CAMP003,Healthy Living Campaign,Facebook,2024-05-05/2024-06-15,AD003,2000,30000,0.0667,0.08,0.8,3,25,150,0.1667,Trail Mix,1kg,Unit,179,0,1,178,Warehouse B,20,7,12.5,1/6/2025,0,Robert Lee,robert.l@email.com,45,Male,Singapore,Singapore,210987,Occasional,25,50,1/5/2024,21/5/2024,Self-consumption,Lazada,25,12.5,150,-137.5,
TRX0178,21/5/2024 21:00,Shopify,CUST278,SKU008,Roasted Pistachios,1,18.9,0,0,18.9,0,Credit Card,2.5,18.9,18.9,CAMP002,Gen Z Snack Attack,Instagram,2024-05-10/2024-06-20,AD002,1500,25000,0.06,0.1,1,1,18.9,100,0.189,Nuts,400g,Unit,282,0,1,281,Warehouse A,30,5,9.45,10/9/2025,0,Lim Wei,lim.w@email.com,20,Female,Singapore,Singapore,109876,New,18.9,18.9,21/5/2024,21/5/2024,Self-consumption,Shopify,18.9,9.45,100,-91.1,
TRX0179,21/5/2024 21:30,Shopee,CUST279,SKU009,Fruity Nut Mix,1,14.5,0,0,14.5,0,ShopeePay,1.8,14.5,14.5,CAMP005,Foodie Influencer Collab,Instagram,2024-05-12/2024-06-18,AD005,3000,45000,0.0667,0.05,0.5,5,72.5,200,0.3625,Trail Mix,300g,Unit,233,0,1,232,Warehouse A,20,6,7.25,5/7/2025,0,Peter Tan,peter.t@email.com,29,Male,Singapore,Singapore,987654,New,14.5,14.5,21/5/2024,21/5/2024,Self-consumption,Shopee,14.5,7.25,200,-192.75,
TRX0180,21/5/2024 22:00,Offline,CUST280,SKU010,Crunchy Pecans,1,15.5,0,0,15.5,0,Cash,0,15.5,15.5,CAMP001,Offline Legacy Promo,N/A,2024-05-01/2024-06-30,AD001,0,0,0,0,0,1,15.5,0,inf,Nuts,300g,Unit,259,0,1,258,Store A,28,5,7.75,20/9/2025,0,Chloe Ng,chloe.n@email.com,55,Female,Singapore,Singapore,876543,Frequent,15.5,31,20/3/2024,21/5/2024,Gifting,Retail,15.5,7.75,0,7.75,
TRX0181,22/5/2024 9:00,Lazada,CUST281,SKU001,Classic Roasted Almonds,2,10.5,1.05,10,18.9,0,Online Banking,1.5,21,18.9,CAMP003,Healthy Living Campaign,Facebook,2024-05-05/2024-06-15,AD003,2000,30000,0.0667,0.08,0.8,3,18.9,150,0.126,Nuts,200g,Unit,477,0,2,475,Warehouse B,50,7,5,15/5/2025,0,Jason Ong,jason.o@email.com,32,Male,Singapore,Singapore,765432,Occasional,10.5,31.5,15/5/2024,22/5/2024,Self-consumption,Lazada,18.9,5,150,-131.1,
TRX0182,22/5/2024 9:30,Shopify,CUST282,SKU002,Spicy Trail Mix,1,12.9,0,0,12.9,0,Paypal,2.5,12.9,12.9,CAMP004,Healthy Snacking SEO,SEO,2024-01-01/2025-12-31,AD004,5000,100000,0.05,0,0,10,129,0,inf,Trail Mix,250g,Unit,329,0,1,328,Warehouse C,30,5,6,1/8/2025,0,Jessica Tan,jessica.t@email.com,20,Female,Singapore,Singapore,654321,New,12.9,12.9,22/5/2024,22/5/2024,Self-consumption,Shopify,12.9,6,0,6.9,
TRX0183,22/5/2024 10:00,Shopee,CUST283,SKU003,Dried Apricots,1,8.9,0,0,8.9,0,ShopeePay,1.8,8.9,8.9,CAMP005,Foodie Influencer Collab,Instagram,2024-05-12/2024-06-18,AD005,3000,45000,0.0667,0.05,0.5,5,44.5,200,0.2225,Dried Fruit,300g,Unit,374,0,1,373,Warehouse A,40,6,4.5,20/7/2025,0,Ryan Lim,ryan.l@email.com,26,Male,Singapore,Singapore,543210,New,8.9,8.9,22/5/2024,22/5/2024,Self-consumption,Shopee,8.9,4.5,200,-195.6,
TRX0184,22/5/2024 10:30,Offline,CUST284,SKU004,Salted Cashews,2,15,0,0,30,0,Cash,0,30,30,CAMP001,Offline Legacy Promo,N/A,2024-05-01/2024-06-30,AD001,0,0,0,0,0,2,30,0,inf,Nuts,500g,Unit,578,0,2,576,Store A,60,7,7.5,10/6/2025,0,Sarah Ong,sarah.o@email.com,60,Female,Singapore,Singapore,432109,Frequent,15,45,25/2/2024,22/5/2024,Gifting,Retail,30,7.5,0,22.5,
TRX0185,22/5/2024 11:00,Shopify,CUST285,SKU005,Baked Walnuts,1,11.9,0,0,11.9,0,Credit Card,2.5,11.9,11.9,CAMP002,Gen Z Snack Attack,Instagram,2024-05-10/2024-06-20,AD002,1500,25000,0.06,0.1,1,1,11.9,100,0.119,Nuts,200g,Unit,580,0,1,579,Warehouse A,50,5,5.95,1/9/2025,0,Daniel Tan,daniel.t@email.com,28,Male,Singapore,Singapore,321098,New,11.9,11.9,22/5/2024,22/5/2024,Self-consumption,Shopify,11.9,5.95,100,-94.05,
TRX0186,22/5/2024 11:30,Shopee,CUST286,SKU006,Honey Pecans,1,16.5,0,0,16.5,0,ShopeePay,1.8,16.5,16.5,CAMP005,Foodie Influencer Collab,Instagram,2024-05-12/2024-06-18,AD005,3000,45000,0.0667,0.05,0.5,5,82.5,200,0.4125,Nuts,350g,Unit,231,0,1,230,Warehouse A,25,5,8.25,20/10/2025,0,James Lim,james.l@email.com,23,Female,Singapore,Singapore,210987,New,16.5,16.5,22/5/2024,22/5/2024,Self-consumption,Shopee,16.5,8.25,200,-191.75,
TRX0187,22/5/2024 12:00,Lazada,CUST287,SKU007,Assorted Mixed Nuts,1,25,0,0,25,0,Online Banking,1.5,25,25,CAMP003,Healthy Living Campaign,Facebook,2024-05-05/2024-06-15,AD003,2000,30000,0.0667,0.08,0.8,3,25,150,0.1667,Trail Mix,1kg,Unit,178,0,1,177,Warehouse B,20,7,12.5,1/6/2025,0,Evelyn Lim,evelyn.l@email.com,40,Female,Singapore,Singapore,109876,Occasional,25,50,10/5/2024,22/5/2024,Self-consumption,Lazada,25,12.5,150,-137.5,
TRX0188,22/5/2024 12:30,Shopify,CUST288,SKU008,Roasted Pistachios,1,18.9,0,0,18.9,0,Paypal,2.5,18.9,18.9,CAMP004,Healthy Snacking SEO,SEO,2024-01-01/2025-12-31,AD004,5000,100000,0.05,0,0,10,189,0,inf,Nuts,400g,Unit,281,0,1,280,Warehouse C,30,5,9.45,10/9/2025,0,David Lee,david.l@email.com,35,Male,Singapore,Singapore,987654,New,18.9,18.9,22/5/2024,22/5/2024,Self-consumption,Shopify,18.9,9.45,0,9.45,
TRX0189,22/5/2024 13:00,Shopee,CUST289,SKU009,Fruity Nut Mix,1,14.5,0,0,14.5,0,ShopeePay,1.8,14.5,14.5,CAMP005,Foodie Influencer Collab,Instagram,2024-05-12/2024-06-18,AD005,3000,45000,0.0667,0.05,0.5,5,72.5,200,0.3625,Trail Mix,300g,Unit,232,0,1,231,Warehouse A,20,6,7.25,5/7/2025,0,Sarah Tan,sarah.t@email.com,20,Female,Singapore,Singapore,876543,New,14.5,14.5,22/5/2024,22/5/2024,Self-consumption,Shopee,14.5,7.25,200,-192.75,
TRX0190,22/5/2024 13:30,Offline,CUST290,SKU010,Crunchy Pecans,1,15.5,0,0,15.5,0,Cash,0,15.5,15.5,CAMP001,Offline Legacy Promo,N/A,2024-05-01/2024-06-30,AD001,0,0,0,0,0,1,15.5,0,inf,Nuts,300g,Unit,258,0,1,257,Store B,28,5,7.75,20/9/2025,0,Rachel Lim,rachel.l@email.com,65,Female,Singapore,Singapore,765432,Frequent,15.5,31,5/3/2024,22/5/2024,Gifting,Retail,15.5,7.75,0,7.75,
TRX0191,22/5/2024 14:00,Lazada,CUST291,SKU001,Classic Roasted Almonds,1,10.5,0,0,10.5,0,Online Banking,1.5,10.5,10.5,CAMP003,Healthy Living Campaign,Facebook,2024-05-05/2024-06-15,AD003,2000,30000,0.0667,0.08,0.8,3,10.5,150,0.07,Nuts,200g,Unit,475,0,1,474,Warehouse B,50,7,5,15/5/2025,0,Bryan Tan,bryan.t@email.com,38,Male,Singapore,Singapore,654321,Occasional,10.5,21,15/5/2024,22/5/2024,Self-consumption,Lazada,10.5,5,150,-139.5,
TRX0192,22/5/2024 14:30,Shopify,CUST292,SKU002,Spicy Trail Mix,1,12.9,0,0,12.9,0,Paypal,2.5,12.9,12.9,CAMP004,Healthy Snacking SEO,SEO,2024-01-01/2025-12-31,AD004,5000,100000,0.05,0,0,10,129,0,inf,Trail Mix,250g,Unit,328,0,1,327,Warehouse C,30,5,6,1/8/2025,0,Chloe Ong,chloe.o@email.com,25,Female,Singapore,Singapore,543210,New,12.9,12.9,22/5/2024,22/5/2024,Self-consumption,Shopify,12.9,6,0,6.9,
TRX0193,22/5/2024 15:00,Shopee,CUST293,SKU003,Dried Apricots,1,8.9,0,0,8.9,0,ShopeePay,1.8,8.9,8.9,CAMP005,Foodie Influencer Collab,Instagram,2024-05-12/2024-06-18,AD005,3000,45000,0.0667,0.05,0.5,5,44.5,200,0.2225,Dried Fruit,300g,Unit,373,0,1,372,Warehouse A,40,6,4.5,20/7/2025,0,Jason Tan,jason.t@email.com,28,Male,Singapore,Singapore,432109,New,8.9,8.9,22/5/2024,22/5/2024,Self-consumption,Shopee,8.9,4.5,200,-195.6,
TRX0194,22/5/2024 15:30,Offline,CUST294,SKU004,Salted Cashews,1,15,0,0,15,0,Cash,0,15,15,CAMP001,Offline Legacy Promo,N/A,2024-05-01/2024-06-30,AD001,0,0,0,0,0,1,15,0,inf,Nuts,500g,Unit,576,0,1,575,Store C,60,7,7.5,10/6/2025,0,Evelyn Wong,evelyn.w@email.com,50,Female,Singapore,Singapore,321098,Frequent,15,30,22/3/2024,22/5/2024,Self-consumption,Retail,15,7.5,0,7.5,
TRX0195,22/5/2024 16:00,Shopify,CUST295,SKU005,Baked Walnuts,2,11.9,0,0,23.8,0,Credit Card,2.5,23.8,23.8,CAMP002,Gen Z Snack Attack,Instagram,2024-05-10/2024-06-20,AD002,1500,25000,0.06,0.1,1,1,23.8,100,0.238,Nuts,200g,Unit,579,0,2,577,Warehouse A,50,5,5.95,1/9/2025,0,Kenneth Lim,kenneth.l@email.com,20,Male,Singapore,Singapore,210987,New,11.9,23.8,22/5/2024,22/5/2024,Self-consumption,Shopify,23.8,5.95,100,-82.2,
TRX0196,22/5/2024 16:30,Shopee,CUST296,SKU006,Honey Pecans,1,16.5,0,0,16.5,0,ShopeePay,1.8,16.5,16.5,CAMP005,Foodie Influencer Collab,Instagram,2024-05-12/2024-06-18,AD005,3000,45000,0.0667,0.05,0.5,5,82.5,200,0.4125,Nuts,350g,Unit,230,0,1,229,Warehouse A,25,5,8.25,20/10/2025,0,Michael Tan,michael.t@email.com,23,Female,Singapore,Singapore,109876,New,16.5,16.5,22/5/2024,22/5/2024,Self-consumption,Shopee,16.5,8.25,200,-191.75,
TRX0197,22/5/2024 17:00,Lazada,CUST297,SKU007,Assorted Mixed Nuts,1,25,0,0,25,0,Online Banking,1.5,25,25,CAMP003,Healthy Living Campaign,Facebook,2024-05-05/2024-06-15,AD003,2000,30000,0.0667,0.08,0.8,3,25,150,0.1667,Trail Mix,1kg,Unit,177,0,1,176,Warehouse B,20,7,12.5,1/6/2025,0,Chloe Lim,chloe.l@email.com,45,Female,Singapore,Singapore,987654,Occasional,25,50,1/5/2024,22/5/2024,Self-consumption,Lazada,25,12.5,150,-137.5,
TRX0198,22/5/2024 17:30,Shopify,CUST298,SKU008,Roasted Pistachios,1,18.9,0,0,18.9,0,Paypal,2.5,18.9,18.9,CAMP004,Healthy Snacking SEO,SEO,2024-01-01/2025-12-31,AD004,5000,100000,0.05,0,0,10,189,0,inf,Nuts,400g,Unit,280,0,1,279,Warehouse C,30,5,9.45,10/9/2025,0,Jason Lim,jason.l@email.com,30,Male,Singapore,Singapore,876543,New,18.9,18.9,22/5/2024,22/5/2024,Self-consumption,Shopify,18.9,9.45,0,9.45,
TRX0199,22/5/2024 18:00,Shopee,CUST299,SKU009,Fruity Nut Mix,1,14.5,0,0,14.5,0,ShopeePay,1.8,14.5,14.5,CAMP005,Foodie Influencer Collab,Instagram,2024-05-12/2024-06-18,AD005,3000,45000,0.0667,0.05,0.5,5,72.5,200,0.3625,Trail Mix,300g,Unit,231,0,1,230,Warehouse A,20,6,7.25,5/7/2025,0,Evelyn Ong,evelyn.o@email.com,20,Female,Singapore,Singapore,765432,New,14.5,14.5,22/5/2024,22/5/2024,Self-consumption,Shopee,14.5,7.25,200,-192.75,
TRX0200,22/5/2024 18:30,Offline,CUST300,SKU010,Crunchy Pecans,1,15.5,0,0,15.5,0,Cash,0,15.5,15.5,CAMP001,Offline Legacy Promo,N/A,2024-05-01/2024-06-30,AD001,0,0,0,0,0,1,15.5,0,inf,Nuts,300g,Unit,257,0,1,256,Store B,28,5,7.75,20/9/2025,0,David Lee,david.l@email.com,60,Male,Singapore,Singapore,654321,Frequent,15.5,31,25/3/2024,22/5/2024,Gifting,Retail,15.5,7.75,0,7.75,
TRX0201,22/5/2024 19:00,Lazada,CUST301,SKU001,Classic Roasted Almonds,1,10.5,0,0,10.5,0,Online Banking,1.5,10.5,10.5,CAMP003,Healthy Living Campaign,Facebook,2024-05-05/2024-06-15,AD003,2000,30000,0.0667,0.08,0.8,3,10.5,150,0.07,Nuts,200g,Unit,474,0,1,473,Warehouse B,50,7,5,15/5/2025,0,Joyce Lim,joyce.l@email.com,35,Female,Singapore,Singapore,543210,Occasional,10.5,21,10/5/2024,22/5/2024,Self-consumption,Lazada,10.5,5,150,-139.5,
TRX0202,22/5/2024 19:30,Shopify,CUST302,SKU002,Spicy Trail Mix,1,12.9,0,0,12.9,0,Paypal,2.5,12.9,12.9,CAMP004,Healthy Snacking SEO,SEO,2024-01-01/2025-12-31,AD004,5000,100000,0.05,0,0,10,129,0,inf,Trail Mix,250g,Unit,327,0,1,326,Warehouse C,30,5,6,1/8/2025,0,Aaron Tan,aaron.t@email.com,23,Male,Singapore,Singapore,432109,New,12.9,12.9,22/5/2024,22/5/2024,Self-consumption,Shopify,12.9,6,0,6.9,
TRX0203,22/5/2024 20:00,Shopee,CUST303,SKU003,Dried Apricots,1,8.9,0,0,8.9,0,ShopeePay,1.8,8.9,8.9,CAMP005,Foodie Influencer Collab,Instagram,2024-05-12/2024-06-18,AD005,3000,45000,0.0667,0.05,0.5,5,44.5,200,0.2225,Dried Fruit,300g,Unit,372,0,1,371,Warehouse A,40,6,4.5,20/7/2025,0,Benjamin Tan,benjamin.t@email.com,20,Male,Singapore,Singapore,321098,New,8.9,8.9,22/5/2024,22/5/2024,Self-consumption,Shopee,8.9,4.5,200,-195.6,
TRX0204,22/5/2024 20:30,Offline,CUST304,SKU004,Salted Cashews,1,15,0,0,15,0,Cash,0,15,15,CAMP001,Offline Legacy Promo,N/A,2024-05-01/2024-06-30,AD001,0,0,0,0,0,1,15,0,inf,Nuts,500g,Unit,575,0,1,574,Store C,60,7,7.5,10/6/2025,0,Catherine Lim,catherine.l@email.com,60,Female,Singapore,Singapore,210987,Frequent,15,30,1/4/2024,22/5/2024,Self-consumption,Retail,15,7.5,0,7.5,
TRX0205,22/5/2024 21:00,Shopify,CUST305,SKU005,Baked Walnuts,1,11.9,0,0,11.9,0,Credit Card,2.5,11.9,11.9,CAMP002,Gen Z Snack Attack,Instagram,2024-05-10/2024-06-20,AD002,1500,25000,0.06,0.1,1,1,11.9,100,0.119,Nuts,200g,Unit,577,0,1,576,Warehouse A,50,5,5.95,1/9/2025,0,Grace Ng,grace.n@email.com,25,Female,Singapore,Singapore,109876,New,11.9,11.9,22/5/2024,22/5/2024,Self-consumption,Shopify,11.9,5.95,100,-94.05,
TRX0206,22/5/2024 21:30,Shopee,CUST306,SKU006,Honey Pecans,1,16.5,0,0,16.5,0,ShopeePay,1.8,16.5,16.5,CAMP005,Foodie Influencer Collab,Instagram,2024-05-12/2024-06-18,AD005,3000,45000,0.0667,0.05,0.5,5,82.5,200,0.4125,Nuts,350g,Unit,229,0,1,228,Warehouse A,25,5,8.25,20/10/2025,0,Daniel Wong,daniel.w@email.com,27,Male,Singapore,Singapore,987654,New,16.5,16.5,22/5/2024,22/5/2024,Self-consumption,Shopee,16.5,8.25,200,-191.75,
TRX0207,22/5/2024 22:00,Lazada,CUST307,SKU007,Assorted Mixed Nuts,1,25,0,0,25,0,Online Banking,1.5,25,25,CAMP003,Healthy Living Campaign,Facebook,2024-05-05/2024-06-15,AD003,2000,30000,0.0667,0.08,0.8,3,25,150,0.1667,Trail Mix,1kg,Unit,176,0,1,175,Warehouse B,20,7,12.5,1/6/2025,0,Kenneth Goh,kenneth.g@email.com,30,Male,Singapore,Singapore,876543,Occasional,25,50,15/5/2024,22/5/2024,Self-consumption,Lazada,25,12.5,150,-137.5,
TRX0208,23/5/2024 9:00,Shopify,CUST308,SKU008,Roasted Pistachios,1,18.9,0,0,18.9,0,Paypal,2.5,18.9,18.9,CAMP004,Healthy Snacking SEO,SEO,2024-01-01/2025-12-31,AD004,5000,100000,0.05,0,0,10,189,0,inf,Nuts,400g,Unit,279,0,1,278,Warehouse C,30,5,9.45,10/9/2025,0,Joyce Lim,joyce.l@email.com,30,Female,Singapore,Singapore,765432,New,18.9,18.9,23/5/2024,23/5/2024,Self-consumption,Shopify,18.9,9.45,0,9.45,
TRX0209,23/5/2024 9:30,Shopee,CUST309,SKU009,Fruity Nut Mix,1,14.5,0,0,14.5,0,ShopeePay,1.8,14.5,14.5,CAMP005,Foodie Influencer Collab,Instagram,2024-05-12/2024-06-18,AD005,3000,45000,0.0667,0.05,0.5,5,72.5,200,0.3625,Trail Mix,300g,Unit,230,0,1,229,Warehouse A,20,6,7.25,5/7/2025,0,Chris Lim,chris.l@email.com,22,Male,Singapore,Singapore,654321,New,14.5,14.5,23/5/2024,23/5/2024,Self-consumption,Shopee,14.5,7.25,200,-192.75,
TRX0210,23/5/2024 10:00,Offline,CUST310,SKU010,Crunchy Pecans,1,15.5,0,0,15.5,0,Cash,0,15.5,15.5,CAMP001,Offline Legacy Promo,N/A,2024-05-01/2024-06-30,AD001,0,0,0,0,0,1,15.5,0,inf,Nuts,300g,Unit,256,0,1,255,Store A,28,5,7.75,20/9/2025,0,Mary Ang,mary.a@email.com,65,Female,Singapore,Singapore,543210,Frequent,15.5,31,28/3/2024,23/5/2024,Gifting,Retail,15.5,7.75,0,7.75,
TRX0211,23/5/2024 10:30,Lazada,CUST311,SKU001,Classic Roasted Almonds,1,10.5,0,0,10.5,0,Online Banking,1.5,10.5,10.5,CAMP003,Healthy Living Campaign,Facebook,2024-05-05/2024-06-15,AD003,2000,30000,0.0667,0.08,0.8,3,10.5,150,0.07,Nuts,200g,Unit,473,0,1,472,Warehouse B,50,7,5,15/5/2025,0,Jason Tan,jason.t@email.com,30,Male,Singapore,Singapore,432109,Occasional,10.5,21,15/5/2024,23/5/2024,Self-consumption,Lazada,10.5,5,150,-139.5,
TRX0212,23/5/2024 11:00,Shopify,CUST312,SKU002,Spicy Trail Mix,1,12.9,0,0,12.9,0,Credit Card,2.5,12.9,12.9,CAMP002,Gen Z Snack Attack,Instagram,2024-05-10/2024-06-20,AD002,1500,25000,0.06,0.1,1,1,12.9,100,0.129,Trail Mix,250g,Unit,326,0,1,325,Warehouse A,30,5,6,1/8/2025,0,Rachel Lim,rachel.l@email.com,20,Female,Singapore,Singapore,321098,New,12.9,12.9,23/5/2024,23/5/2024,Self-consumption,Shopify,12.9,6,100,-93.1,
TRX0213,23/5/2024 11:30,Shopee,CUST313,SKU003,Dried Apricots,1,8.9,0,0,8.9,0,ShopeePay,1.8,8.9,8.9,CAMP005,Foodie Influencer Collab,Instagram,2024-05-12/2024-06-18,AD005,3000,45000,0.0667,0.05,0.5,5,44.5,200,0.2225,Dried Fruit,300g,Unit,371,0,1,370,Warehouse A,40,6,4.5,20/7/2025,0,Evelyn Tan,evelyn.t@email.com,25,Female,Singapore,Singapore,210987,New,8.9,8.9,23/5/2024,23/5/2024,Self-consumption,Shopee,8.9,4.5,200,-195.6,
TRX0214,23/5/2024 12:00,Offline,CUST314,SKU004,Salted Cashews,1,15,0,0,15,0,Cash,0,15,15,CAMP001,Offline Legacy Promo,N/A,2024-05-01/2024-06-30,AD001,0,0,0,0,0,1,15,0,inf,Nuts,500g,Unit,574,0,1,573,Store C,60,7,7.5,10/6/2025,0,Kevin Ong,kevin.o@email.com,58,Male,Singapore,Singapore,109876,Frequent,15,30,5/4/2024,23/5/2024,Self-consumption,Retail,15,7.5,0,7.5,
TRX0215,23/5/2024 12:30,Shopify,CUST315,SKU005,Baked Walnuts,1,11.9,0,0,11.9,0,Paypal,2.5,11.9,11.9,CAMP004,Healthy Snacking SEO,SEO,2024-01-01/2025-12-31,AD004,5000,100000,0.05,0,0,10,119,0,inf,Nuts,200g,Unit,576,0,1,575,Warehouse C,50,5,5.95,1/9/2025,0,Karen Ong,karen.o@email.com,22,Female,Singapore,Singapore,987654,New,11.9,11.9,23/5/2024,23/5/2024,Self-consumption,Shopify,11.9,5.95,0,5.95,
TRX0216,23/5/2024 13:00,Shopee,CUST316,SKU006,Honey Pecans,1,16.5,0,0,16.5,0,ShopeePay,1.8,16.5,16.5,CAMP005,Foodie Influencer Collab,Instagram,2024-05-12/2024-06-18,AD005,3000,45000,0.0667,0.05,0.5,5,82.5,200,0.4125,Nuts,350g,Unit,228,0,1,227,Warehouse A,25,5,8.25,20/10/2025,0,Lim Wei,lim.w@email.com,28,Male,Singapore,Singapore,876543,New,16.5,16.5,23/5/2024,23/5/2024,Self-consumption,Shopee,16.5,8.25,200,-191.75,
TRX0217,23/5/2024 13:30,Lazada,CUST317,SKU007,Assorted Mixed Nuts,1,25,0,0,25,0,Online Banking,1.5,25,25,CAMP003,Healthy Living Campaign,Facebook,2024-05-05/2024-06-15,AD003,2000,30000,0.0667,0.08,0.8,3,25,150,0.1667,Trail Mix,1kg,Unit,175,0,1,174,Warehouse B,20,7,12.5,1/6/2025,0,David Tan,david.t@email.com,45,Female,Singapore,Singapore,765432,Occasional,25,50,10/5/2024,23/5/2024,Self-consumption,Lazada,25,12.5,150,-137.5,
TRX0218,23/5/2024 14:00,Shopify,CUST318,SKU008,Roasted Pistachios,1,18.9,0,0,18.9,0,Credit Card,2.5,18.9,18.9,CAMP002,Gen Z Snack Attack,Instagram,2024-05-10/2024-06-20,AD002,1500,25000,0.06,0.1,1,1,18.9,100,0.189,Nuts,400g,Unit,278,0,1,277,Warehouse A,30,5,9.45,10/9/2025,0,Grace Lim,grace.l@email.com,20,Female,Singapore,Singapore,654321,New,18.9,18.9,23/5/2024,23/5/2024,Self-consumption,Shopify,18.9,9.45,100,-91.1,
TRX0219,23/5/2024 14:30,Shopee,CUST319,SKU009,Fruity Nut Mix,1,14.5,0,0,14.5,0,ShopeePay,1.8,14.5,14.5,CAMP005,Foodie Influencer Collab,Instagram,2024-05-12/2024-06-18,AD005,3000,45000,0.0667,0.05,0.5,5,72.5,200,0.3625,Trail Mix,300g,Unit,229,0,1,228,Warehouse A,20,6,7.25,5/7/2025,0,Jason Tan,jason.t@email.com,23,Male,Singapore,Singapore,543210,New,14.5,14.5,23/5/2024,23/5/2024,Self-consumption,Shopee,14.5,7.25,200,-192.75,
TRX0220,23/5/2024 15:00,Offline,CUST320,SKU010,Crunchy Pecans,1,15.5,0,0,15.5,0,Cash,0,15.5,15.5,CAMP001,Offline Legacy Promo,N/A,2024-05-01/2024-06-30,AD001,0,0,0,0,0,1,15.5,0,inf,Nuts,300g,Unit,255,0,1,254,Store B,28,5,7.75,20/9/2025,0,Robert Soh,robert.s@email.com,60,Male,Singapore,Singapore,432109,Frequent,15.5,31,25/3/2024,23/5/2024,Gifting,Retail,15.5,7.75,0,7.75,
TRX0221,23/5/2024 15:30,Lazada,CUST321,SKU001,Classic Roasted Almonds,1,10.5,0,0,10.5,0,Online Banking,1.5,10.5,10.5,CAMP003,Healthy Living Campaign,Facebook,2024-05-05/2024-06-15,AD003,2000,30000,0.0667,0.08,0.8,3,10.5,150,0.07,Nuts,200g,Unit,472,0,1,471,Warehouse B,50,7,5,15/5/2025,0,Sarah Lim,sarah.l@email.com,38,Female,Singapore,Singapore,321098,Occasional,10.5,21,15/5/2024,23/5/2024,Self-consumption,Lazada,10.5,5,150,-139.5,
TRX0222,23/5/2024 16:00,Shopify,CUST322,SKU002,Spicy Trail Mix,2,12.9,0,0,25.8,0,Paypal,2.5,25.8,25.8,CAMP004,Healthy Snacking SEO,SEO,2024-01-01/2025-12-31,AD004,5000,100000,0.05,0,0,10,258,0,inf,Trail Mix,250g,Unit,325,0,2,323,Warehouse C,30,5,6,1/8/2025,0,Aaron Goh,aaron.g@email.com,27,Male,Singapore,Singapore,210987,New,12.9,25.8,23/5/2024,23/5/2024,Self-consumption,Shopify,25.8,6,0,19.8,
TRX0223,23/5/2024 16:30,Shopee,CUST323,SKU003,Dried Apricots,1,8.9,0,0,8.9,0,ShopeePay,1.8,8.9,8.9,CAMP005,Foodie Influencer Collab,Instagram,2024-05-12/2024-06-18,AD005,3000,45000,0.0667,0.05,0.5,5,44.5,200,0.2225,Dried Fruit,300g,Unit,370,0,1,369,Warehouse A,40,6,4.5,20/7/2025,0,Chloe Lim,chloe.l@email.com,20,Female,Singapore,Singapore,109876,New,8.9,8.9,23/5/2024,23/5/2024,Self-consumption,Shopee,8.9,4.5,200,-195.6,
TRX0224,23/5/2024 17:00,Offline,CUST324,SKU004,Salted Cashews,1,15,0,0,15,0,Cash,0,15,15,CAMP001,Offline Legacy Promo,N/A,2024-05-01/2024-06-30,AD001,0,0,0,0,0,1,15,0,inf,Nuts,500g,Unit,573,0,1,572,Store A,60,7,7.5,10/6/2025,0,David Wong,david.w@email.com,60,Male,Singapore,Singapore,987654,Frequent,15,30,1/3/2024,23/5/2024,Self-consumption,Retail,15,7.5,0,7.5,
TRX0225,23/5/2024 17:30,Shopify,CUST325,SKU005,Baked Walnuts,1,11.9,0,0,11.9,0,Credit Card,2.5,11.9,11.9,CAMP002,Gen Z Snack Attack,Instagram,2024-05-10/2024-06-20,AD002,1500,25000,0.06,0.1,1,1,11.9,100,0.119,Nuts,200g,Unit,575,0,1,574,Warehouse A,50,5,5.95,1/9/2025,0,Rachel Tan,rachel.t@email.com,25,Female,Singapore,Singapore,876543,New,11.9,11.9,23/5/2024,23/5/2024,Self-consumption,Shopify,11.9,5.95,100,-94.05,
TRX0226,23/5/2024 18:00,Shopee,CUST326,SKU006,Honey Pecans,1,16.5,0,0,16.5,0,ShopeePay,1.8,16.5,16.5,CAMP005,Foodie Influencer Collab,Instagram,2024-05-12/2024-06-18,AD005,3000,45000,0.0667,0.05,0.5,5,82.5,200,0.4125,Nuts,350g,Unit,227,0,1,226,Warehouse A,25,5,8.25,20/10/2025,0,James Lim,james.l@email.com,23,Male,Singapore,Singapore,765432,New,16.5,16.5,23/5/2024,23/5/2024,Self-consumption,Shopee,16.5,8.25,200,-191.75,
TRX0227,23/5/2024 18:30,Lazada,CUST327,SKU007,Assorted Mixed Nuts,1,25,0,0,25,0,Online Banking,1.5,25,25,CAMP003,Healthy Living Campaign,Facebook,2024-05-05/2024-06-15,AD003,2000,30000,0.0667,0.08,0.8,3,25,150,0.1667,Trail Mix,1kg,Unit,174,0,1,173,Warehouse B,20,7,12.5,1/6/2025,0,Evelyn Lim,evelyn.l@email.com,40,Female,Singapore,Singapore,654321,Occasional,25,50,20,,,,,,,,
